"Região";"UF";"Ano";"Mês";"Transferência";"1º Decêndio";"2º Decêndio";"3º Decêndio";"Total"
"Centro-Oeste";"DF";"2024";"01";"AJUSTE FUNDEB/AJUSTE FUNDEB VAAF";"R$0,00";"R$0,00";"-R$912.717,48";"-R$912.717,48"
"Centro-Oeste";"DF";"2024";"04";"AJUSTE FUNDEB/AJUSTE FUNDEB VAAR";"R$0,00";"R$0,00";"R$458.093,27";"R$458.093,27"
"Centro-Oeste";"DF";"2024";"09";"AJUSTE FUNDEB/AJUSTE FUNDEB VAAR";"R$0,00";"R$0,00";"R$42.403.717,87";"R$42.403.717,87"
"Centro-Oeste";"DF";"2025";"01";"AJUSTE FUNDEB/AJUSTE FUNDEB VAAR";"R$0,00";"R$0,00";"R$4.679.087,95";"R$4.679.087,95"
"Centro-Oeste";"DF";"2025";"04";"AJUSTE FUNDEB/AJUSTE FUNDEB VAAR";"R$0,00";"R$0,00";"-R$281.223,69";"-R$281.223,69"
"Centro-Oeste";"GO";"2024";"04";"AJUSTE FUNDEB/AJUSTE FUNDEB VAAR";"R$0,00";"R$0,00";"R$567.719,72";"R$567.719,72"
"Centro-Oeste";"GO";"2024";"09";"AJUSTE FUNDEB/AJUSTE FUNDEB VAAR";"R$0,00";"R$0,00";"R$18.265.871,79";"R$18.265.871,79"
"Centro-Oeste";"GO";"2025";"01";"AJUSTE FUNDEB/AJUSTE FUNDEB VAAR";"R$0,00";"R$0,00";"-R$5.089.868,05";"-R$5.089.868,05"
"Centro-Oeste";"GO";"2025";"04";"AJUSTE FUNDEB/AJUSTE FUNDEB VAAR";"R$0,00";"R$0,00";"-R$354.120,70";"-R$354.120,70"
"Centro-Oeste";"GO";"2025";"09";"AJUSTE FUNDEB/AJUSTE FUNDEB VAAR";"R$0,00";"R$0,00";"-R$148.541,21";"-R$148.541,21"
"Centro-Oeste";"GO";"2020";"09";"AJUSTE FUNDEB/FPE";"-R$183.709,97";"R$0,00";"R$0,00";"-R$183.709,97"
"Centro-Oeste";"GO";"2021";"05";"AJUSTE FUNDEB/FPE";"R$0,00";"R$0,00";"R$581.715,70";"R$581.715,70"
"Centro-Oeste";"GO";"2022";"09";"AJUSTE FUNDEB/FPE";"R$0,00";"R$0,00";"-R$14.195,86";"-R$14.195,86"
"Centro-Oeste";"GO";"2023";"09";"AJUSTE FUNDEB/FPE";"R$0,00";"R$0,00";"-R$292.936,19";"-R$292.936,19"
"Centro-Oeste";"GO";"2020";"09";"AJUSTE FUNDEB/FPM";"-R$250.728,46";"R$0,00";"R$0,00";"-R$250.728,46"
"Centro-Oeste";"GO";"2021";"05";"AJUSTE FUNDEB/FPM";"R$0,00";"R$0,00";"R$775.073,91";"R$775.073,91"
"Centro-Oeste";"GO";"2022";"09";"AJUSTE FUNDEB/FPM";"R$0,00";"R$0,00";"-R$18.392,31";"-R$18.392,31"
"Centro-Oeste";"GO";"2023";"09";"AJUSTE FUNDEB/FPM";"R$0,00";"R$0,00";"-R$385.596,00";"-R$385.596,00"
"Centro-Oeste";"GO";"2020";"09";"AJUSTE FUNDEB/ICME";"-R$1.097.142,56";"R$0,00";"R$0,00";"-R$1.097.142,56"
"Centro-Oeste";"GO";"2021";"05";"AJUSTE FUNDEB/ICME";"R$0,00";"R$0,00";"R$3.049.642,07";"R$3.049.642,07"
"Centro-Oeste";"GO";"2022";"09";"AJUSTE FUNDEB/ICME";"R$0,00";"R$0,00";"-R$72.256,44";"-R$72.256,44"
"Centro-Oeste";"GO";"2023";"09";"AJUSTE FUNDEB/ICME";"R$0,00";"R$0,00";"-R$1.380.797,66";"-R$1.380.797,66"
"Centro-Oeste";"GO";"2020";"09";"AJUSTE FUNDEB/IPIE";"-R$6.605,99";"R$0,00";"R$0,00";"-R$6.605,99"
"Centro-Oeste";"GO";"2021";"05";"AJUSTE FUNDEB/IPIE";"R$0,00";"R$0,00";"R$24.730,43";"R$24.730,43"
"Centro-Oeste";"GO";"2022";"09";"AJUSTE FUNDEB/IPIE";"R$0,00";"R$0,00";"-R$456,37";"-R$456,37"
"Centro-Oeste";"GO";"2023";"09";"AJUSTE FUNDEB/IPIE";"R$0,00";"R$0,00";"-R$7.967,38";"-R$7.967,38"
"Centro-Oeste";"GO";"2020";"09";"AJUSTE FUNDEB/IPVA";"-R$80.082,35";"R$0,00";"R$0,00";"-R$80.082,35"
"Centro-Oeste";"GO";"2021";"05";"AJUSTE FUNDEB/IPVA";"R$0,00";"R$0,00";"R$189.854,73";"R$189.854,73"
"Centro-Oeste";"GO";"2022";"09";"AJUSTE FUNDEB/IPVA";"R$0,00";"R$0,00";"-R$4.901,92";"-R$4.901,92"
"Centro-Oeste";"GO";"2023";"09";"AJUSTE FUNDEB/IPVA";"R$0,00";"R$0,00";"-R$129.569,02";"-R$129.569,02"
"Centro-Oeste";"GO";"2020";"09";"AJUSTE FUNDEB/ITCMD";"-R$20.764,16";"R$0,00";"R$0,00";"-R$20.764,16"
"Centro-Oeste";"GO";"2021";"05";"AJUSTE FUNDEB/ITCMD";"R$0,00";"R$0,00";"R$128.141,19";"R$128.141,19"
"Centro-Oeste";"GO";"2022";"09";"AJUSTE FUNDEB/ITCMD";"R$0,00";"R$0,00";"-R$2.079,22";"-R$2.079,22"
"Centro-Oeste";"GO";"2023";"09";"AJUSTE FUNDEB/ITCMD";"R$0,00";"R$0,00";"-R$75.216,54";"-R$75.216,54"
"Centro-Oeste";"GO";"2020";"09";"AJUSTE FUNDEB/ITR";"-R$1.297,07";"R$0,00";"R$0,00";"-R$1.297,07"
"Centro-Oeste";"GO";"2021";"05";"AJUSTE FUNDEB/ITR";"R$0,00";"R$0,00";"R$5.381,31";"R$5.381,31"
"Centro-Oeste";"GO";"2022";"09";"AJUSTE FUNDEB/ITR";"R$0,00";"R$0,00";"-R$118,26";"-R$118,26"
"Centro-Oeste";"GO";"2023";"09";"AJUSTE FUNDEB/ITR";"R$0,00";"R$0,00";"-R$3.345,31";"-R$3.345,31"
"Centro-Oeste";"MS";"2021";"05";"AJUSTE FUNDEB/FPE";"R$0,00";"R$0,00";"-R$1.275.476,23";"-R$1.275.476,23"
"Centro-Oeste";"MS";"2022";"09";"AJUSTE FUNDEB/FPE";"R$0,00";"R$0,00";"R$43.080,64";"R$43.080,64"
"Centro-Oeste";"MS";"2023";"09";"AJUSTE FUNDEB/FPE";"R$0,00";"R$0,00";"-R$104.191,90";"-R$104.191,90"
"Centro-Oeste";"MS";"2021";"05";"AJUSTE FUNDEB/FPM";"R$0,00";"R$0,00";"-R$1.446.103,50";"-R$1.446.103,50"
"Centro-Oeste";"MS";"2022";"09";"AJUSTE FUNDEB/FPM";"R$0,00";"R$0,00";"R$48.800,77";"R$48.800,77"
"Centro-Oeste";"MS";"2023";"09";"AJUSTE FUNDEB/FPM";"R$0,00";"R$0,00";"-R$117.799,28";"-R$117.799,28"
"Centro-Oeste";"MS";"2021";"05";"AJUSTE FUNDEB/ICME";"R$0,00";"R$0,00";"-R$8.393.092,46";"-R$8.393.092,46"
"Centro-Oeste";"MS";"2022";"09";"AJUSTE FUNDEB/ICME";"R$0,00";"R$0,00";"R$276.006,41";"R$276.006,41"
"Centro-Oeste";"MS";"2023";"09";"AJUSTE FUNDEB/ICME";"R$0,00";"R$0,00";"-R$700.427,89";"-R$700.427,89"
"Centro-Oeste";"MS";"2021";"05";"AJUSTE FUNDEB/IPIE";"R$0,00";"R$0,00";"-R$99.694,45";"-R$99.694,45"
"Centro-Oeste";"MS";"2022";"09";"AJUSTE FUNDEB/IPIE";"R$0,00";"R$0,00";"R$2.427,40";"R$2.427,40"
"Centro-Oeste";"MS";"2023";"09";"AJUSTE FUNDEB/IPIE";"R$0,00";"R$0,00";"-R$4.385,58";"-R$4.385,58"
"Centro-Oeste";"MS";"2021";"05";"AJUSTE FUNDEB/IPVA";"R$0,00";"R$0,00";"-R$1.428.605,29";"-R$1.428.605,29"
"Centro-Oeste";"MS";"2022";"09";"AJUSTE FUNDEB/IPVA";"R$0,00";"R$0,00";"R$23.728,72";"R$23.728,72"
"Centro-Oeste";"MS";"2023";"09";"AJUSTE FUNDEB/IPVA";"R$0,00";"R$0,00";"-R$66.182,00";"-R$66.182,00"
"Centro-Oeste";"MS";"2021";"05";"AJUSTE FUNDEB/ITCMD";"R$0,00";"R$0,00";"-R$170.154,48";"-R$170.154,48"
"Centro-Oeste";"MS";"2022";"09";"AJUSTE FUNDEB/ITCMD";"R$0,00";"R$0,00";"R$7.663,13";"R$7.663,13"
"Centro-Oeste";"MS";"2023";"09";"AJUSTE FUNDEB/ITCMD";"R$0,00";"R$0,00";"-R$20.110,35";"-R$20.110,35"
"Centro-Oeste";"MS";"2021";"05";"AJUSTE FUNDEB/ITR";"R$0,00";"R$0,00";"-R$30.839,30";"-R$30.839,30"
"Centro-Oeste";"MS";"2022";"09";"AJUSTE FUNDEB/ITR";"R$0,00";"R$0,00";"R$1.058,39";"R$1.058,39"
"Centro-Oeste";"MS";"2023";"09";"AJUSTE FUNDEB/ITR";"R$0,00";"R$0,00";"-R$2.557,31";"-R$2.557,31"
"Centro-Oeste";"MT";"2021";"05";"AJUSTE FUNDEB/FPE";"R$0,00";"R$0,00";"-R$2.562.650,82";"-R$2.562.650,82"
"Centro-Oeste";"MT";"2022";"09";"AJUSTE FUNDEB/FPE";"R$0,00";"R$0,00";"-R$4.307,10";"-R$4.307,10"
"Centro-Oeste";"MT";"2021";"05";"AJUSTE FUNDEB/FPM";"R$0,00";"R$0,00";"-R$2.139.266,02";"-R$2.139.266,02"
"Centro-Oeste";"MT";"2022";"09";"AJUSTE FUNDEB/FPM";"R$0,00";"R$0,00";"-R$3.759,12";"-R$3.759,12"
"Centro-Oeste";"MT";"2021";"05";"AJUSTE FUNDEB/ICME";"R$0,00";"R$0,00";"-R$12.516.879,99";"-R$12.516.879,99"
"Centro-Oeste";"MT";"2022";"09";"AJUSTE FUNDEB/ICME";"R$0,00";"R$0,00";"-R$23.798,00";"-R$23.798,00"
"Centro-Oeste";"MT";"2021";"05";"AJUSTE FUNDEB/IPIE";"R$0,00";"R$0,00";"-R$105.505,50";"-R$105.505,50"
"Centro-Oeste";"MT";"2022";"09";"AJUSTE FUNDEB/IPIE";"R$0,00";"R$0,00";"-R$128,13";"-R$128,13"
"Centro-Oeste";"MT";"2021";"05";"AJUSTE FUNDEB/IPVA";"R$0,00";"R$0,00";"-R$658.704,32";"-R$658.704,32"
"Centro-Oeste";"MT";"2022";"09";"AJUSTE FUNDEB/IPVA";"R$0,00";"R$0,00";"-R$1.829,73";"-R$1.829,73"
"Centro-Oeste";"MT";"2021";"05";"AJUSTE FUNDEB/ITCMD";"R$0,00";"R$0,00";"-R$92.709,17";"-R$92.709,17"
"Centro-Oeste";"MT";"2022";"09";"AJUSTE FUNDEB/ITCMD";"R$0,00";"R$0,00";"-R$270,19";"-R$270,19"
"Centro-Oeste";"MT";"2021";"05";"AJUSTE FUNDEB/ITR";"R$0,00";"R$0,00";"-R$40.388,14";"-R$40.388,14"
"Centro-Oeste";"MT";"2022";"09";"AJUSTE FUNDEB/ITR";"R$0,00";"R$0,00";"-R$74,16";"-R$74,16"
"Nordeste";"AL";"2021";"05";"AJUSTE FUNDEB/AJUSTE FUNDEB VAAF";"R$0,00";"R$2.852.322,57";"R$0,00";"R$2.852.322,57"
"Nordeste";"AL";"2021";"06";"AJUSTE FUNDEB/AJUSTE FUNDEB VAAF";"R$0,00";"-R$728.810,56";"R$0,00";"-R$728.810,56"
"Nordeste";"AL";"2021";"09";"AJUSTE FUNDEB/AJUSTE FUNDEB VAAF";"R$0,00";"R$0,00";"R$14.727.658,37";"R$14.727.658,37"
"Nordeste";"AL";"2022";"04";"AJUSTE FUNDEB/AJUSTE FUNDEB VAAF";"R$0,00";"R$0,00";"R$8.769.838,61";"R$8.769.838,61"
"Nordeste";"AL";"2022";"09";"AJUSTE FUNDEB/AJUSTE FUNDEB VAAF";"R$0,00";"R$0,00";"R$15.706.397,44";"R$15.706.397,44"
"Nordeste";"AL";"2023";"04";"AJUSTE FUNDEB/AJUSTE FUNDEB VAAF";"R$0,00";"R$0,00";"-R$13.142.132,23";"-R$13.142.132,23"
"Nordeste";"AL";"2023";"05";"AJUSTE FUNDEB/AJUSTE FUNDEB VAAF";"R$0,00";"R$0,00";"R$15.186.328,47";"R$15.186.328,47"
"Nordeste";"AL";"2024";"01";"AJUSTE FUNDEB/AJUSTE FUNDEB VAAF";"R$0,00";"R$0,00";"R$27.964.987,61";"R$27.964.987,61"
"Nordeste";"AL";"2024";"03";"AJUSTE FUNDEB/AJUSTE FUNDEB VAAF";"R$0,00";"R$0,00";"-R$40.748,21";"-R$40.748,21"
"Nordeste";"AL";"2024";"04";"AJUSTE FUNDEB/AJUSTE FUNDEB VAAF";"R$0,00";"R$0,00";"-R$15.236.141,98";"-R$15.236.141,98"
"Nordeste";"AL";"2024";"06";"AJUSTE FUNDEB/AJUSTE FUNDEB VAAF";"R$0,00";"R$0,00";"-R$380.030,79";"-R$380.030,79"
"Nordeste";"AL";"2024";"09";"AJUSTE FUNDEB/AJUSTE FUNDEB VAAF";"R$0,00";"R$0,00";"R$882.615,94";"R$882.615,94"
"Nordeste";"AL";"2025";"04";"AJUSTE FUNDEB/AJUSTE FUNDEB VAAF";"R$0,00";"R$0,00";"R$23.989.006,00";"R$23.989.006,00"
"Nordeste";"AL";"2024";"04";"AJUSTE FUNDEB/AJUSTE FUNDEB VAAR";"R$0,00";"R$0,00";"R$334.170,14";"R$334.170,14"
"Nordeste";"AL";"2024";"09";"AJUSTE FUNDEB/AJUSTE FUNDEB VAAR";"R$0,00";"R$0,00";"-R$5.079.831,42";"-R$5.079.831,42"
"Nordeste";"AL";"2025";"01";"AJUSTE FUNDEB/AJUSTE FUNDEB VAAR";"R$0,00";"R$0,00";"R$1.125.314,14";"R$1.125.314,14"
"Nordeste";"AL";"2025";"04";"AJUSTE FUNDEB/AJUSTE FUNDEB VAAR";"R$0,00";"R$0,00";"-R$108.382,29";"-R$108.382,29"
"Nordeste";"AL";"2025";"09";"AJUSTE FUNDEB/AJUSTE FUNDEB VAAR";"R$0,00";"R$0,00";"-R$64.392,72";"-R$64.392,72"
"Nordeste";"AL";"2020";"04";"AJUSTE FUNDEB/COUN";"R$0,00";"R$0,00";"R$10.026.252,44";"R$10.026.252,44"
"Nordeste";"AL";"2021";"04";"AJUSTE FUNDEB/COUN";"R$0,00";"R$0,00";"R$13.796.288,28";"R$13.796.288,28"
"Nordeste";"AL";"2021";"05";"AJUSTE FUNDEB/FPE";"R$0,00";"R$0,00";"R$4.761.910,61";"R$4.761.910,61"
"Nordeste";"AL";"2022";"09";"AJUSTE FUNDEB/FPE";"R$0,00";"R$0,00";"-R$82.450,97";"-R$82.450,97"
"Nordeste";"AL";"2024";"03";"AJUSTE FUNDEB/FPE";"R$0,00";"R$0,00";"-R$160.882,05";"-R$160.882,05"
"Nordeste";"AL";"2024";"06";"AJUSTE FUNDEB/FPE";"R$0,00";"R$0,00";"-R$1.127.295,70";"-R$1.127.295,70"
"Nordeste";"AL";"2024";"09";"AJUSTE FUNDEB/FPE";"R$0,00";"R$0,00";"R$2.282.414,95";"R$2.282.414,95"
"Nordeste";"AL";"2021";"05";"AJUSTE FUNDEB/FPM";"R$0,00";"R$0,00";"R$2.658.526,85";"R$2.658.526,85"
"Nordeste";"AL";"2022";"09";"AJUSTE FUNDEB/FPM";"R$0,00";"R$0,00";"-R$45.885,61";"-R$45.885,61"
"Nordeste";"AL";"2024";"03";"AJUSTE FUNDEB/FPM";"R$0,00";"R$0,00";"-R$86.960,53";"-R$86.960,53"
"Nordeste";"AL";"2024";"06";"AJUSTE FUNDEB/FPM";"R$0,00";"R$0,00";"-R$610.754,40";"-R$610.754,40"
"Nordeste";"AL";"2024";"09";"AJUSTE FUNDEB/FPM";"R$0,00";"R$0,00";"R$1.231.912,64";"R$1.231.912,64"
"Nordeste";"AL";"2021";"05";"AJUSTE FUNDEB/ICME";"R$0,00";"R$0,00";"R$4.820.349,60";"R$4.820.349,60"
"Nordeste";"AL";"2022";"09";"AJUSTE FUNDEB/ICME";"R$0,00";"R$0,00";"-R$75.563,14";"-R$75.563,14"
"Nordeste";"AL";"2024";"03";"AJUSTE FUNDEB/ICME";"R$0,00";"R$0,00";"-R$141.517,98";"-R$141.517,98"
"Nordeste";"AL";"2024";"06";"AJUSTE FUNDEB/ICME";"R$0,00";"R$0,00";"-R$1.128.869,27";"-R$1.128.869,27"
"Nordeste";"AL";"2024";"09";"AJUSTE FUNDEB/ICME";"R$0,00";"R$0,00";"R$2.318.734,45";"R$2.318.734,45"
"Nordeste";"AL";"2021";"05";"AJUSTE FUNDEB/IPIE";"R$0,00";"R$0,00";"R$2.133,00";"R$2.133,00"
"Nordeste";"AL";"2022";"09";"AJUSTE FUNDEB/IPIE";"R$0,00";"R$0,00";"-R$28,14";"-R$28,14"
"Nordeste";"AL";"2024";"03";"AJUSTE FUNDEB/IPIE";"R$0,00";"R$0,00";"-R$102,54";"-R$102,54"
"Nordeste";"AL";"2024";"06";"AJUSTE FUNDEB/IPIE";"R$0,00";"R$0,00";"-R$881,49";"-R$881,49"
"Nordeste";"AL";"2024";"09";"AJUSTE FUNDEB/IPIE";"R$0,00";"R$0,00";"R$2.069,25";"R$2.069,25"
"Nordeste";"AL";"2021";"05";"AJUSTE FUNDEB/IPVA";"R$0,00";"R$0,00";"R$427.109,69";"R$427.109,69"
"Nordeste";"AL";"2022";"09";"AJUSTE FUNDEB/IPVA";"R$0,00";"R$0,00";"-R$7.379,41";"-R$7.379,41"
"Nordeste";"AL";"2024";"03";"AJUSTE FUNDEB/IPVA";"R$0,00";"R$0,00";"-R$13.807,98";"-R$13.807,98"
"Nordeste";"AL";"2024";"06";"AJUSTE FUNDEB/IPVA";"R$0,00";"R$0,00";"-R$103.658,91";"-R$103.658,91"
"Nordeste";"AL";"2024";"09";"AJUSTE FUNDEB/IPVA";"R$0,00";"R$0,00";"R$223.993,86";"R$223.993,86"
"Nordeste";"AL";"2021";"05";"AJUSTE FUNDEB/ITCMD";"R$0,00";"R$0,00";"R$28.086,17";"R$28.086,17"
"Nordeste";"AL";"2022";"09";"AJUSTE FUNDEB/ITCMD";"R$0,00";"R$0,00";"-R$452,13";"-R$452,13"
"Nordeste";"AL";"2024";"03";"AJUSTE FUNDEB/ITCMD";"R$0,00";"R$0,00";"-R$1.072,21";"-R$1.072,21"
"Nordeste";"AL";"2024";"06";"AJUSTE FUNDEB/ITCMD";"R$0,00";"R$0,00";"-R$7.707,67";"-R$7.707,67"
"Nordeste";"AL";"2024";"09";"AJUSTE FUNDEB/ITCMD";"R$0,00";"R$0,00";"R$19.323,13";"R$19.323,13"
"Nordeste";"AL";"2021";"05";"AJUSTE FUNDEB/ITR";"R$0,00";"R$0,00";"R$417,93";"R$417,93"
"Nordeste";"AL";"2022";"09";"AJUSTE FUNDEB/ITR";"R$0,00";"R$0,00";"-R$15,26";"-R$15,26"
"Nordeste";"AL";"2024";"03";"AJUSTE FUNDEB/ITR";"R$0,00";"R$0,00";"-R$89,44";"-R$89,44"
"Nordeste";"AL";"2024";"06";"AJUSTE FUNDEB/ITR";"R$0,00";"R$0,00";"-R$1.741,04";"-R$1.741,04"
"Nordeste";"AL";"2024";"09";"AJUSTE FUNDEB/ITR";"R$0,00";"R$0,00";"R$2.727,49";"R$2.727,49"
"Nordeste";"BA";"2021";"05";"AJUSTE FUNDEB/AJUSTE FUNDEB VAAF";"R$0,00";"R$14.583.910,80";"R$0,00";"R$14.583.910,80"
"Nordeste";"BA";"2021";"06";"AJUSTE FUNDEB/AJUSTE FUNDEB VAAF";"R$0,00";"-R$2.172.918,37";"R$0,00";"-R$2.172.918,37"
"Nordeste";"BA";"2021";"09";"AJUSTE FUNDEB/AJUSTE FUNDEB VAAF";"R$0,00";"R$0,00";"R$107.742.303,05";"R$107.742.303,05"
"Nordeste";"BA";"2022";"04";"AJUSTE FUNDEB/AJUSTE FUNDEB VAAF";"R$0,00";"R$0,00";"R$41.975.446,37";"R$41.975.446,37"
"Nordeste";"BA";"2022";"09";"AJUSTE FUNDEB/AJUSTE FUNDEB VAAF";"R$0,00";"R$0,00";"R$120.920.553,90";"R$120.920.553,90"
"Nordeste";"BA";"2023";"04";"AJUSTE FUNDEB/AJUSTE FUNDEB VAAF";"R$0,00";"R$0,00";"-R$11.518.041,59";"-R$11.518.041,59"
"Nordeste";"BA";"2023";"05";"AJUSTE FUNDEB/AJUSTE FUNDEB VAAF";"R$0,00";"R$0,00";"R$78.693.706,09";"R$78.693.706,09"
"Nordeste";"BA";"2023";"09";"AJUSTE FUNDEB/AJUSTE FUNDEB VAAF";"R$0,00";"R$0,00";"R$563.952,92";"R$563.952,92"
"Nordeste";"BA";"2024";"01";"AJUSTE FUNDEB/AJUSTE FUNDEB VAAF";"R$0,00";"R$0,00";"R$258.497.551,02";"R$258.497.551,02"
"Nordeste";"BA";"2024";"04";"AJUSTE FUNDEB/AJUSTE FUNDEB VAAF";"R$0,00";"R$0,00";"R$4.938.237,57";"R$4.938.237,57"
"Nordeste";"BA";"2025";"04";"AJUSTE FUNDEB/AJUSTE FUNDEB VAAF";"R$0,00";"R$0,00";"R$22.770.609,03";"R$22.770.609,03"
"Nordeste";"BA";"2024";"04";"AJUSTE FUNDEB/AJUSTE FUNDEB VAAR";"R$0,00";"R$0,00";"R$674.089,38";"R$674.089,38"
"Nordeste";"BA";"2024";"09";"AJUSTE FUNDEB/AJUSTE FUNDEB VAAR";"R$0,00";"R$0,00";"-R$16.831.992,00";"-R$16.831.992,00"
"Nordeste";"BA";"2025";"01";"AJUSTE FUNDEB/AJUSTE FUNDEB VAAR";"R$0,00";"R$0,00";"R$2.735.133,13";"R$2.735.133,13"
"Nordeste";"BA";"2025";"04";"AJUSTE FUNDEB/AJUSTE FUNDEB VAAR";"R$0,00";"R$0,00";"R$0,01";"R$0,01"
"Nordeste";"BA";"2020";"04";"AJUSTE FUNDEB/COUN";"R$0,00";"R$0,00";"R$66.663.541,65";"R$66.663.541,65"
"Nordeste";"BA";"2021";"04";"AJUSTE FUNDEB/COUN";"R$0,00";"R$0,00";"R$39.087.058,24";"R$39.087.058,24"
"Nordeste";"BA";"2021";"05";"AJUSTE FUNDEB/FPE";"R$0,00";"R$0,00";"R$13.294.613,27";"R$13.294.613,27"
"Nordeste";"BA";"2022";"09";"AJUSTE FUNDEB/FPE";"R$0,00";"R$0,00";"-R$171.981,22";"-R$171.981,22"
"Nordeste";"BA";"2023";"09";"AJUSTE FUNDEB/FPE";"R$0,00";"R$0,00";"R$532.659,92";"R$532.659,92"
"Nordeste";"BA";"2021";"05";"AJUSTE FUNDEB/FPM";"R$0,00";"R$0,00";"R$13.760.903,53";"R$13.760.903,53"
"Nordeste";"BA";"2022";"09";"AJUSTE FUNDEB/FPM";"R$0,00";"R$0,00";"-R$181.209,26";"-R$181.209,26"
"Nordeste";"BA";"2023";"09";"AJUSTE FUNDEB/FPM";"R$0,00";"R$0,00";"R$557.485,98";"R$557.485,98"
"Nordeste";"BA";"2021";"05";"AJUSTE FUNDEB/ICME";"R$0,00";"R$0,00";"R$29.449.275,59";"R$29.449.275,59"
"Nordeste";"BA";"2022";"09";"AJUSTE FUNDEB/ICME";"R$0,00";"R$0,00";"-R$384.295,39";"-R$384.295,39"
"Nordeste";"BA";"2023";"09";"AJUSTE FUNDEB/ICME";"R$0,00";"R$0,00";"R$1.152.729,33";"R$1.152.729,33"
"Nordeste";"BA";"2025";"09";"AJUSTE FUNDEB/ICME";"R$0,00";"-R$10.259,42";"R$0,00";"-R$10.259,42"
"Nordeste";"BA";"2021";"05";"AJUSTE FUNDEB/IPIE";"R$0,00";"R$0,00";"R$300.017,42";"R$300.017,42"
"Nordeste";"BA";"2022";"09";"AJUSTE FUNDEB/IPIE";"R$0,00";"R$0,00";"-R$2.612,88";"-R$2.612,88"
"Nordeste";"BA";"2023";"09";"AJUSTE FUNDEB/IPIE";"R$0,00";"R$0,00";"R$8.012,47";"R$8.012,47"
"Nordeste";"BA";"2021";"05";"AJUSTE FUNDEB/IPVA";"R$0,00";"R$0,00";"R$1.387.353,16";"R$1.387.353,16"
"Nordeste";"BA";"2022";"09";"AJUSTE FUNDEB/IPVA";"R$0,00";"R$0,00";"-R$23.922,84";"-R$23.922,84"
"Nordeste";"BA";"2023";"09";"AJUSTE FUNDEB/IPVA";"R$0,00";"R$0,00";"R$86.751,23";"R$86.751,23"
"Nordeste";"BA";"2025";"09";"AJUSTE FUNDEB/IPVA";"R$0,00";"-R$2.314,83";"R$0,00";"-R$2.314,83"
"Nordeste";"BA";"2021";"05";"AJUSTE FUNDEB/ITCMD";"R$0,00";"R$0,00";"R$173.867,74";"R$173.867,74"
"Nordeste";"BA";"2022";"09";"AJUSTE FUNDEB/ITCMD";"R$0,00";"R$0,00";"-R$2.545,85";"-R$2.545,85"
"Nordeste";"BA";"2023";"09";"AJUSTE FUNDEB/ITCMD";"R$0,00";"R$0,00";"R$10.219,06";"R$10.219,06"
"Nordeste";"BA";"2021";"05";"AJUSTE FUNDEB/ITR";"R$0,00";"R$0,00";"R$9.685,23";"R$9.685,23"
"Nordeste";"BA";"2022";"09";"AJUSTE FUNDEB/ITR";"R$0,00";"R$0,00";"-R$187,21";"-R$187,21"
"Nordeste";"BA";"2023";"09";"AJUSTE FUNDEB/ITR";"R$0,00";"R$0,00";"R$432,09";"R$432,09"
"Nordeste";"CE";"2021";"05";"AJUSTE FUNDEB/AJUSTE FUNDEB VAAF";"R$0,00";"R$17.401.001,37";"R$0,00";"R$17.401.001,37"
"Nordeste";"CE";"2021";"06";"AJUSTE FUNDEB/AJUSTE FUNDEB VAAF";"R$0,00";"-R$5.745.608,69";"R$0,00";"-R$5.745.608,69"
"Nordeste";"CE";"2021";"09";"AJUSTE FUNDEB/AJUSTE FUNDEB VAAF";"R$0,00";"R$0,00";"R$67.978.152,46";"R$67.978.152,46"
"Nordeste";"CE";"2022";"04";"AJUSTE FUNDEB/AJUSTE FUNDEB VAAF";"R$0,00";"R$0,00";"R$31.280.814,08";"R$31.280.814,08"
"Nordeste";"CE";"2022";"09";"AJUSTE FUNDEB/AJUSTE FUNDEB VAAF";"R$0,00";"R$0,00";"R$71.442.326,93";"R$71.442.326,93"
"Nordeste";"CE";"2023";"04";"AJUSTE FUNDEB/AJUSTE FUNDEB VAAF";"R$0,00";"R$0,00";"-R$20.009.245,64";"-R$20.009.245,64"
"Nordeste";"CE";"2023";"05";"AJUSTE FUNDEB/AJUSTE FUNDEB VAAF";"R$0,00";"R$0,00";"R$54.704.992,51";"R$54.704.992,51"
"Nordeste";"CE";"2023";"09";"AJUSTE FUNDEB/AJUSTE FUNDEB VAAF";"R$0,00";"R$0,00";"-R$81.145,27";"-R$81.145,27"
"Nordeste";"CE";"2024";"01";"AJUSTE FUNDEB/AJUSTE FUNDEB VAAF";"R$0,00";"R$0,00";"R$156.004.630,61";"R$156.004.630,61"
"Nordeste";"CE";"2024";"04";"AJUSTE FUNDEB/AJUSTE FUNDEB VAAF";"R$0,00";"R$0,00";"R$26.533.644,63";"R$26.533.644,63"
"Nordeste";"CE";"2025";"04";"AJUSTE FUNDEB/AJUSTE FUNDEB VAAF";"R$0,00";"R$0,00";"R$18.767.463,49";"R$18.767.463,49"
"Nordeste";"CE";"2020";"01";"AJUSTE FUNDEB/COUN";"-R$103.900,72";"R$0,00";"R$0,00";"-R$103.900,72"
"Nordeste";"CE";"2020";"04";"AJUSTE FUNDEB/COUN";"R$0,00";"R$0,00";"R$8.600.034,82";"R$8.600.034,82"
"Nordeste";"CE";"2021";"04";"AJUSTE FUNDEB/COUN";"R$0,00";"R$0,00";"R$22.641.578,83";"R$22.641.578,83"
"Nordeste";"CE";"2020";"01";"AJUSTE FUNDEB/FPE";"-R$117.123,19";"R$0,00";"R$0,00";"-R$117.123,19"
"Nordeste";"CE";"2020";"12";"AJUSTE FUNDEB/FPE";"R$0,00";"R$0,01";"R$0,00";"R$0,01"
"Nordeste";"CE";"2021";"05";"AJUSTE FUNDEB/FPE";"R$0,00";"R$0,00";"R$12.871.917,22";"R$12.871.917,22"
"Nordeste";"CE";"2022";"09";"AJUSTE FUNDEB/FPE";"R$0,00";"R$0,00";"R$188.038,21";"R$188.038,21"
"Nordeste";"CE";"2023";"09";"AJUSTE FUNDEB/FPE";"R$0,00";"R$0,00";"-R$74.161,90";"-R$74.161,90"
"Nordeste";"CE";"2020";"01";"AJUSTE FUNDEB/FPM";"-R$84.050,95";"R$0,00";"R$0,00";"-R$84.050,95"
"Nordeste";"CE";"2021";"05";"AJUSTE FUNDEB/FPM";"R$0,00";"R$0,00";"R$9.284.995,78";"R$9.284.995,78"
"Nordeste";"CE";"2022";"09";"AJUSTE FUNDEB/FPM";"R$0,00";"R$0,00";"R$140.539,39";"R$140.539,39"
"Nordeste";"CE";"2023";"09";"AJUSTE FUNDEB/FPM";"R$0,00";"R$0,00";"-R$54.575,66";"-R$54.575,66"
"Nordeste";"CE";"2020";"01";"AJUSTE FUNDEB/ICME";"-R$212.218,43";"R$0,00";"R$0,00";"-R$212.218,43"
"Nordeste";"CE";"2021";"05";"AJUSTE FUNDEB/ICME";"R$0,00";"R$0,00";"R$20.260.022,36";"R$20.260.022,36"
"Nordeste";"CE";"2022";"09";"AJUSTE FUNDEB/ICME";"R$0,00";"R$0,00";"R$270.130,08";"R$270.130,08"
"Nordeste";"CE";"2023";"09";"AJUSTE FUNDEB/ICME";"R$0,00";"R$0,00";"-R$102.579,79";"-R$102.579,79"
"Nordeste";"CE";"2025";"09";"AJUSTE FUNDEB/ICME";"R$0,00";"-R$16.480,31";"R$0,00";"-R$16.480,31"
"Nordeste";"CE";"2020";"01";"AJUSTE FUNDEB/IPIE";"-R$871,70";"R$0,00";"R$0,00";"-R$871,70"
"Nordeste";"CE";"2021";"05";"AJUSTE FUNDEB/IPIE";"R$0,00";"R$0,00";"R$88.353,51";"R$88.353,51"
"Nordeste";"CE";"2022";"09";"AJUSTE FUNDEB/IPIE";"R$0,00";"R$0,00";"R$862,33";"R$862,33"
"Nordeste";"CE";"2023";"09";"AJUSTE FUNDEB/IPIE";"R$0,00";"R$0,00";"-R$329,17";"-R$329,17"
"Nordeste";"CE";"2020";"01";"AJUSTE FUNDEB/IPVA";"-R$17.448,75";"R$0,00";"R$0,00";"-R$17.448,75"
"Nordeste";"CE";"2020";"12";"AJUSTE FUNDEB/IPVA";"R$0,00";"R$0,01";"R$0,00";"R$0,01"
"Nordeste";"CE";"2021";"05";"AJUSTE FUNDEB/IPVA";"R$0,00";"R$0,00";"R$3.304.591,26";"R$3.304.591,26"
"Nordeste";"CE";"2022";"09";"AJUSTE FUNDEB/IPVA";"R$0,00";"R$0,00";"R$34.346,38";"R$34.346,38"
"Nordeste";"CE";"2023";"09";"AJUSTE FUNDEB/IPVA";"R$0,00";"R$0,00";"-R$16.494,95";"-R$16.494,95"
"Nordeste";"CE";"2025";"09";"AJUSTE FUNDEB/IPVA";"R$0,00";"-R$10,51";"R$0,00";"-R$10,51"
"Nordeste";"CE";"2020";"01";"AJUSTE FUNDEB/ITCMD";"-R$9.633,76";"R$0,00";"R$0,00";"-R$9.633,76"
"Nordeste";"CE";"2021";"05";"AJUSTE FUNDEB/ITCMD";"R$0,00";"R$0,00";"R$102.721,77";"R$102.721,77"
"Nordeste";"CE";"2022";"09";"AJUSTE FUNDEB/ITCMD";"R$0,00";"R$0,00";"R$1.832,89";"R$1.832,89"
"Nordeste";"CE";"2023";"09";"AJUSTE FUNDEB/ITCMD";"R$0,00";"R$0,00";"-R$711,87";"-R$711,87"
"Nordeste";"CE";"2020";"01";"AJUSTE FUNDEB/ITR";"-R$29,88";"R$0,00";"R$0,00";"-R$29,88"
"Nordeste";"CE";"2021";"05";"AJUSTE FUNDEB/ITR";"R$0,00";"R$0,00";"R$637,59";"R$637,59"
"Nordeste";"CE";"2022";"09";"AJUSTE FUNDEB/ITR";"R$0,00";"R$0,00";"R$25,21";"R$25,21"
"Nordeste";"CE";"2023";"09";"AJUSTE FUNDEB/ITR";"R$0,00";"R$0,00";"-R$10,56";"-R$10,56"
"Nordeste";"MA";"2021";"05";"AJUSTE FUNDEB/AJUSTE FUNDEB VAAF";"R$0,00";"R$6.780.510,89";"R$0,00";"R$6.780.510,89"
"Nordeste";"MA";"2021";"06";"AJUSTE FUNDEB/AJUSTE FUNDEB VAAF";"R$0,00";"-R$1.118.626,20";"R$0,00";"-R$1.118.626,20"
"Nordeste";"MA";"2021";"09";"AJUSTE FUNDEB/AJUSTE FUNDEB VAAF";"R$0,00";"R$0,00";"R$71.956.047,88";"R$71.956.047,88"
"Nordeste";"MA";"2022";"04";"AJUSTE FUNDEB/AJUSTE FUNDEB VAAF";"R$0,00";"R$0,00";"R$34.465.103,09";"R$34.465.103,09"
"Nordeste";"MA";"2022";"09";"AJUSTE FUNDEB/AJUSTE FUNDEB VAAF";"R$0,00";"R$0,00";"R$72.030.162,38";"R$72.030.162,38"
"Nordeste";"MA";"2023";"04";"AJUSTE FUNDEB/AJUSTE FUNDEB VAAF";"R$0,00";"R$0,00";"-R$33.270.735,70";"-R$33.270.735,70"
"Nordeste";"MA";"2023";"05";"AJUSTE FUNDEB/AJUSTE FUNDEB VAAF";"R$0,00";"R$0,00";"R$57.764.311,31";"R$57.764.311,31"
"Nordeste";"MA";"2023";"09";"AJUSTE FUNDEB/AJUSTE FUNDEB VAAF";"R$0,00";"R$0,00";"-R$267.787,85";"-R$267.787,85"
"Nordeste";"MA";"2024";"01";"AJUSTE FUNDEB/AJUSTE FUNDEB VAAF";"R$0,00";"R$0,00";"R$169.856.663,43";"R$169.856.663,43"
"Nordeste";"MA";"2024";"04";"AJUSTE FUNDEB/AJUSTE FUNDEB VAAF";"R$0,00";"R$0,00";"R$22.653.205,46";"R$22.653.205,46"
"Nordeste";"MA";"2025";"04";"AJUSTE FUNDEB/AJUSTE FUNDEB VAAF";"R$0,00";"R$0,00";"R$19.719.282,68";"R$19.719.282,68"
"Nordeste";"MA";"2020";"04";"AJUSTE FUNDEB/COUN";"R$0,00";"R$0,00";"-R$8.202.691,91";"-R$8.202.691,91"
"Nordeste";"MA";"2021";"04";"AJUSTE FUNDEB/COUN";"R$0,00";"R$0,00";"R$10.824.422,52";"R$10.824.422,52"
"Nordeste";"MA";"2021";"05";"AJUSTE FUNDEB/FPE";"R$0,00";"R$0,00";"R$3.214.346,63";"R$3.214.346,63"
"Nordeste";"MA";"2022";"09";"AJUSTE FUNDEB/FPE";"R$0,00";"R$0,00";"-R$145.427,80";"-R$145.427,80"
"Nordeste";"MA";"2023";"09";"AJUSTE FUNDEB/FPE";"R$0,00";"R$0,00";"-R$182.589,90";"-R$182.589,90"
"Nordeste";"MA";"2021";"05";"AJUSTE FUNDEB/FPM";"R$0,00";"R$0,00";"R$1.967.454,57";"R$1.967.454,57"
"Nordeste";"MA";"2022";"09";"AJUSTE FUNDEB/FPM";"R$0,00";"R$0,00";"-R$90.431,58";"-R$90.431,58"
"Nordeste";"MA";"2023";"09";"AJUSTE FUNDEB/FPM";"R$0,00";"R$0,00";"-R$113.267,68";"-R$113.267,68"
"Nordeste";"MA";"2021";"05";"AJUSTE FUNDEB/ICME";"R$0,00";"R$0,00";"R$3.160.347,71";"R$3.160.347,71"
"Nordeste";"MA";"2022";"09";"AJUSTE FUNDEB/ICME";"R$0,00";"R$0,00";"-R$142.804,83";"-R$142.804,83"
"Nordeste";"MA";"2023";"09";"AJUSTE FUNDEB/ICME";"R$0,00";"R$0,00";"-R$156.758,87";"-R$156.758,87"
"Nordeste";"MA";"2021";"05";"AJUSTE FUNDEB/IPIE";"R$0,00";"R$0,00";"R$30.671,74";"R$30.671,74"
"Nordeste";"MA";"2022";"09";"AJUSTE FUNDEB/IPIE";"R$0,00";"R$0,00";"-R$1.105,75";"-R$1.105,75"
"Nordeste";"MA";"2023";"09";"AJUSTE FUNDEB/IPIE";"R$0,00";"R$0,00";"-R$1.061,94";"-R$1.061,94"
"Nordeste";"MA";"2021";"05";"AJUSTE FUNDEB/IPVA";"R$0,00";"R$0,00";"R$311.129,60";"R$311.129,60"
"Nordeste";"MA";"2022";"09";"AJUSTE FUNDEB/IPVA";"R$0,00";"R$0,00";"-R$11.140,14";"-R$11.140,14"
"Nordeste";"MA";"2023";"09";"AJUSTE FUNDEB/IPVA";"R$0,00";"R$0,00";"-R$17.929,62";"-R$17.929,62"
"Nordeste";"MA";"2021";"05";"AJUSTE FUNDEB/ITCMD";"R$0,00";"R$0,00";"R$10.463,59";"R$10.463,59"
"Nordeste";"MA";"2022";"09";"AJUSTE FUNDEB/ITCMD";"R$0,00";"R$0,00";"-R$618,74";"-R$618,74"
"Nordeste";"MA";"2023";"09";"AJUSTE FUNDEB/ITCMD";"R$0,00";"R$0,00";"-R$1.031,38";"-R$1.031,38"
"Nordeste";"MA";"2021";"05";"AJUSTE FUNDEB/ITR";"R$0,00";"R$0,00";"R$583,54";"R$583,54"
"Nordeste";"MA";"2022";"09";"AJUSTE FUNDEB/ITR";"R$0,00";"R$0,00";"-R$44,24";"-R$44,24"
"Nordeste";"MA";"2023";"09";"AJUSTE FUNDEB/ITR";"R$0,00";"R$0,00";"-R$55,11";"-R$55,11"
"Nordeste";"PB";"2021";"05";"AJUSTE FUNDEB/AJUSTE FUNDEB VAAF";"R$0,00";"R$6.037.175,53";"R$0,00";"R$6.037.175,53"
"Nordeste";"PB";"2021";"06";"AJUSTE FUNDEB/AJUSTE FUNDEB VAAF";"R$0,00";"-R$5.489.612,80";"R$0,00";"-R$5.489.612,80"
"Nordeste";"PB";"2021";"09";"AJUSTE FUNDEB/AJUSTE FUNDEB VAAF";"R$0,00";"R$0,00";"R$12.226.564,09";"R$12.226.564,09"
"Nordeste";"PB";"2022";"04";"AJUSTE FUNDEB/AJUSTE FUNDEB VAAF";"R$0,00";"R$0,00";"R$11.972.593,45";"R$11.972.593,45"
"Nordeste";"PB";"2022";"09";"AJUSTE FUNDEB/AJUSTE FUNDEB VAAF";"R$0,00";"R$0,00";"R$16.061.119,67";"R$16.061.119,67"
"Nordeste";"PB";"2023";"04";"AJUSTE FUNDEB/AJUSTE FUNDEB VAAF";"R$0,00";"R$0,00";"-R$26.589.025,52";"-R$26.589.025,52"
"Nordeste";"PB";"2023";"05";"AJUSTE FUNDEB/AJUSTE FUNDEB VAAF";"R$0,00";"R$0,00";"R$12.021.419,17";"R$12.021.419,17"
"Nordeste";"PB";"2024";"01";"AJUSTE FUNDEB/AJUSTE FUNDEB VAAF";"R$0,00";"R$0,00";"R$6.805.168,32";"R$6.805.168,32"
"Nordeste";"PB";"2024";"04";"AJUSTE FUNDEB/AJUSTE FUNDEB VAAF";"R$0,00";"R$0,00";"R$5.503.605,08";"R$5.503.605,08"
"Nordeste";"PB";"2025";"04";"AJUSTE FUNDEB/AJUSTE FUNDEB VAAF";"R$0,00";"R$0,00";"R$3.484.704,19";"R$3.484.704,19"
"Nordeste";"PB";"2024";"04";"AJUSTE FUNDEB/AJUSTE FUNDEB VAAR";"R$0,00";"R$0,00";"R$217.611,43";"R$217.611,43"
"Nordeste";"PB";"2024";"09";"AJUSTE FUNDEB/AJUSTE FUNDEB VAAR";"R$0,00";"R$0,00";"-R$5.750.996,46";"-R$5.750.996,46"
"Nordeste";"PB";"2025";"01";"AJUSTE FUNDEB/AJUSTE FUNDEB VAAR";"R$0,00";"R$0,00";"R$1.493.457,02";"R$1.493.457,02"
"Nordeste";"PB";"2020";"04";"AJUSTE FUNDEB/COUN";"R$0,00";"R$0,00";"R$27.001.006,19";"R$27.001.006,19"
"Nordeste";"PB";"2021";"04";"AJUSTE FUNDEB/COUN";"R$0,00";"R$0,00";"R$28.399.550,40";"R$28.399.550,40"
"Nordeste";"PB";"2021";"05";"AJUSTE FUNDEB/FPE";"R$0,00";"R$0,00";"R$5.610.150,33";"R$5.610.150,33"
"Nordeste";"PB";"2022";"09";"AJUSTE FUNDEB/FPE";"R$0,00";"R$0,00";"-R$35.691,03";"-R$35.691,03"
"Nordeste";"PB";"2021";"05";"AJUSTE FUNDEB/FPM";"R$0,00";"R$0,00";"R$3.888.082,98";"R$3.888.082,98"
"Nordeste";"PB";"2022";"09";"AJUSTE FUNDEB/FPM";"R$0,00";"R$0,00";"-R$24.852,14";"-R$24.852,14"
"Nordeste";"PB";"2021";"05";"AJUSTE FUNDEB/ICME";"R$0,00";"R$0,00";"R$6.493.948,74";"R$6.493.948,74"
"Nordeste";"PB";"2022";"09";"AJUSTE FUNDEB/ICME";"R$0,00";"R$0,00";"-R$36.897,49";"-R$36.897,49"
"Nordeste";"PB";"2021";"05";"AJUSTE FUNDEB/IPIE";"R$0,00";"R$0,00";"R$4.647,42";"R$4.647,42"
"Nordeste";"PB";"2022";"09";"AJUSTE FUNDEB/IPIE";"R$0,00";"R$0,00";"-R$22,67";"-R$22,67"
"Nordeste";"PB";"2021";"05";"AJUSTE FUNDEB/IPVA";"R$0,00";"R$0,00";"R$397.657,56";"R$397.657,56"
"Nordeste";"PB";"2022";"09";"AJUSTE FUNDEB/IPVA";"R$0,00";"R$0,00";"-R$3.029,12";"-R$3.029,12"
"Nordeste";"PB";"2021";"05";"AJUSTE FUNDEB/ITCMD";"R$0,00";"R$0,00";"R$27.421,73";"R$27.421,73"
"Nordeste";"PB";"2022";"09";"AJUSTE FUNDEB/ITCMD";"R$0,00";"R$0,00";"-R$350,49";"-R$350,49"
"Nordeste";"PB";"2021";"05";"AJUSTE FUNDEB/ITR";"R$0,00";"R$0,00";"R$430,21";"R$430,21"
"Nordeste";"PB";"2022";"09";"AJUSTE FUNDEB/ITR";"R$0,00";"R$0,00";"-R$4,29";"-R$4,29"
"Nordeste";"PE";"2021";"05";"AJUSTE FUNDEB/AJUSTE FUNDEB VAAF";"R$0,00";"R$1.638.553,27";"R$0,00";"R$1.638.553,27"
"Nordeste";"PE";"2021";"06";"AJUSTE FUNDEB/AJUSTE FUNDEB VAAF";"R$0,00";"-R$124.732,87";"R$0,00";"-R$124.732,87"
"Nordeste";"PE";"2021";"09";"AJUSTE FUNDEB/AJUSTE FUNDEB VAAF";"R$0,00";"R$0,00";"R$37.404.858,44";"R$37.404.858,44"
"Nordeste";"PE";"2022";"04";"AJUSTE FUNDEB/AJUSTE FUNDEB VAAF";"R$0,00";"R$0,00";"R$41.114.269,86";"R$41.114.269,86"
"Nordeste";"PE";"2022";"09";"AJUSTE FUNDEB/AJUSTE FUNDEB VAAF";"R$0,00";"R$0,00";"R$34.252.582,53";"R$34.252.582,53"
"Nordeste";"PE";"2023";"04";"AJUSTE FUNDEB/AJUSTE FUNDEB VAAF";"R$0,00";"R$0,00";"-R$65.958.516,17";"-R$65.958.516,17"
"Nordeste";"PE";"2023";"05";"AJUSTE FUNDEB/AJUSTE FUNDEB VAAF";"R$0,00";"R$0,00";"R$28.498.376,00";"R$28.498.376,00"
"Nordeste";"PE";"2023";"09";"AJUSTE FUNDEB/AJUSTE FUNDEB VAAF";"R$0,00";"R$0,00";"-R$71.394,60";"-R$71.394,60"
"Nordeste";"PE";"2024";"01";"AJUSTE FUNDEB/AJUSTE FUNDEB VAAF";"R$0,00";"R$0,00";"R$67.747.937,71";"R$67.747.937,71"
"Nordeste";"PE";"2024";"04";"AJUSTE FUNDEB/AJUSTE FUNDEB VAAF";"R$0,00";"R$0,00";"R$3.478.833,01";"R$3.478.833,01"
"Nordeste";"PE";"2025";"04";"AJUSTE FUNDEB/AJUSTE FUNDEB VAAF";"R$0,00";"R$0,00";"R$7.202.747,82";"R$7.202.747,82"
"Nordeste";"PE";"2024";"04";"AJUSTE FUNDEB/AJUSTE FUNDEB VAAR";"R$0,00";"R$0,00";"R$557.535,47";"R$557.535,47"
"Nordeste";"PE";"2024";"09";"AJUSTE FUNDEB/AJUSTE FUNDEB VAAR";"R$0,00";"R$0,00";"-R$12.570.833,13";"-R$12.570.833,13"
"Nordeste";"PE";"2025";"01";"AJUSTE FUNDEB/AJUSTE FUNDEB VAAR";"R$0,00";"R$0,00";"-R$2.349.665,88";"-R$2.349.665,88"
"Nordeste";"PE";"2020";"01";"AJUSTE FUNDEB/COUN";"-R$69.425,51";"R$0,00";"R$0,00";"-R$69.425,51"
"Nordeste";"PE";"2020";"04";"AJUSTE FUNDEB/COUN";"R$0,00";"R$0,00";"R$17.801.649,01";"R$17.801.649,01"
"Nordeste";"PE";"2021";"04";"AJUSTE FUNDEB/COUN";"R$0,00";"R$0,00";"R$76.759.630,97";"R$76.759.630,97"
"Nordeste";"PE";"2020";"01";"AJUSTE FUNDEB/FPE";"-R$226.066,72";"R$0,00";"R$0,00";"-R$226.066,72"
"Nordeste";"PE";"2021";"05";"AJUSTE FUNDEB/FPE";"R$0,00";"R$0,00";"R$5.164.030,18";"R$5.164.030,18"
"Nordeste";"PE";"2022";"09";"AJUSTE FUNDEB/FPE";"R$0,00";"R$0,00";"-R$18.188,28";"-R$18.188,28"
"Nordeste";"PE";"2023";"09";"AJUSTE FUNDEB/FPE";"R$0,00";"R$0,00";"-R$155.073,54";"-R$155.073,54"
"Nordeste";"PE";"2020";"01";"AJUSTE FUNDEB/FPM";"-R$169.699,71";"R$0,00";"R$0,00";"-R$169.699,71"
"Nordeste";"PE";"2021";"05";"AJUSTE FUNDEB/FPM";"R$0,00";"R$0,00";"R$3.887.669,04";"R$3.887.669,04"
"Nordeste";"PE";"2022";"09";"AJUSTE FUNDEB/FPM";"R$0,00";"R$0,00";"-R$13.493,16";"-R$13.493,16"
"Nordeste";"PE";"2023";"09";"AJUSTE FUNDEB/FPM";"R$0,00";"R$0,00";"-R$115.157,43";"-R$115.157,43"
"Nordeste";"PE";"2020";"01";"AJUSTE FUNDEB/ICME";"-R$539.671,28";"R$0,00";"R$0,00";"-R$539.671,28"
"Nordeste";"PE";"2021";"05";"AJUSTE FUNDEB/ICME";"R$0,00";"R$0,00";"R$11.599.530,13";"R$11.599.530,13"
"Nordeste";"PE";"2022";"09";"AJUSTE FUNDEB/ICME";"R$0,00";"R$0,00";"-R$33.634,97";"-R$33.634,97"
"Nordeste";"PE";"2023";"09";"AJUSTE FUNDEB/ICME";"R$0,00";"R$0,00";"-R$291.108,44";"-R$291.108,44"
"Nordeste";"PE";"2020";"01";"AJUSTE FUNDEB/IPIE";"-R$2.863,33";"R$0,00";"R$0,00";"-R$2.863,33"
"Nordeste";"PE";"2021";"05";"AJUSTE FUNDEB/IPIE";"R$0,00";"R$0,00";"R$44.061,45";"R$44.061,45"
"Nordeste";"PE";"2022";"09";"AJUSTE FUNDEB/IPIE";"R$0,00";"R$0,00";"-R$124,35";"-R$124,35"
"Nordeste";"PE";"2023";"09";"AJUSTE FUNDEB/IPIE";"R$0,00";"R$0,00";"-R$925,10";"-R$925,10"
"Nordeste";"PE";"2020";"01";"AJUSTE FUNDEB/IPVA";"-R$42.614,13";"R$0,00";"R$0,00";"-R$42.614,13"
"Nordeste";"PE";"2021";"05";"AJUSTE FUNDEB/IPVA";"R$0,00";"R$0,00";"R$2.069.410,15";"R$2.069.410,15"
"Nordeste";"PE";"2022";"09";"AJUSTE FUNDEB/IPVA";"R$0,00";"R$0,00";"-R$4.195,31";"-R$4.195,31"
"Nordeste";"PE";"2023";"09";"AJUSTE FUNDEB/IPVA";"R$0,00";"R$0,00";"-R$41.332,93";"-R$41.332,93"
"Nordeste";"PE";"2020";"01";"AJUSTE FUNDEB/ITCMD";"-R$3.373,39";"R$0,00";"R$0,00";"-R$3.373,39"
"Nordeste";"PE";"2021";"05";"AJUSTE FUNDEB/ITCMD";"R$0,00";"R$0,00";"R$67.482,92";"R$67.482,92"
"Nordeste";"PE";"2022";"09";"AJUSTE FUNDEB/ITCMD";"R$0,00";"R$0,00";"-R$281,31";"-R$281,31"
"Nordeste";"PE";"2023";"09";"AJUSTE FUNDEB/ITCMD";"R$0,00";"R$0,00";"-R$2.315,59";"-R$2.315,59"
"Nordeste";"PE";"2020";"01";"AJUSTE FUNDEB/ITR";"-R$91,02";"R$0,00";"R$0,00";"-R$91,02"
"Nordeste";"PE";"2021";"05";"AJUSTE FUNDEB/ITR";"R$0,00";"R$0,00";"R$391,38";"R$391,38"
"Nordeste";"PE";"2022";"09";"AJUSTE FUNDEB/ITR";"R$0,00";"R$0,00";"-R$3,13";"-R$3,13"
"Nordeste";"PE";"2023";"09";"AJUSTE FUNDEB/ITR";"R$0,00";"R$0,00";"-R$39,77";"-R$39,77"
"Nordeste";"PI";"2021";"05";"AJUSTE FUNDEB/AJUSTE FUNDEB VAAF";"R$0,00";"R$2.051.508,56";"R$0,00";"R$2.051.508,56"
"Nordeste";"PI";"2021";"06";"AJUSTE FUNDEB/AJUSTE FUNDEB VAAF";"R$0,00";"-R$482.170,77";"R$0,00";"-R$482.170,77"
"Nordeste";"PI";"2021";"09";"AJUSTE FUNDEB/AJUSTE FUNDEB VAAF";"R$0,00";"R$0,00";"R$21.463.943,81";"R$21.463.943,81"
"Nordeste";"PI";"2022";"04";"AJUSTE FUNDEB/AJUSTE FUNDEB VAAF";"R$0,00";"R$0,00";"R$19.681.144,67";"R$19.681.144,67"
"Nordeste";"PI";"2022";"09";"AJUSTE FUNDEB/AJUSTE FUNDEB VAAF";"R$0,00";"R$0,00";"R$23.881.260,33";"R$23.881.260,33"
"Nordeste";"PI";"2023";"04";"AJUSTE FUNDEB/AJUSTE FUNDEB VAAF";"R$0,00";"R$0,00";"-R$7.237.134,01";"-R$7.237.134,01"
"Nordeste";"PI";"2023";"05";"AJUSTE FUNDEB/AJUSTE FUNDEB VAAF";"R$0,00";"R$0,00";"R$27.545.690,34";"R$27.545.690,34"
"Nordeste";"PI";"2024";"01";"AJUSTE FUNDEB/AJUSTE FUNDEB VAAF";"R$0,00";"R$0,00";"R$42.147.970,70";"R$42.147.970,70"
"Nordeste";"PI";"2024";"04";"AJUSTE FUNDEB/AJUSTE FUNDEB VAAF";"R$0,00";"R$0,00";"-R$22.673.605,44";"-R$22.673.605,44"
"Nordeste";"PI";"2024";"12";"AJUSTE FUNDEB/AJUSTE FUNDEB VAAF";"R$0,00";"-R$94.738,97";"R$0,00";"-R$94.738,97"
"Nordeste";"PI";"2025";"04";"AJUSTE FUNDEB/AJUSTE FUNDEB VAAF";"R$0,00";"R$0,00";"R$27.860.651,83";"R$27.860.651,83"
"Nordeste";"PI";"2024";"09";"AJUSTE FUNDEB/AJUSTE FUNDEB VAAR";"R$0,00";"R$0,00";"R$8.532.114,22";"R$8.532.114,22"
"Nordeste";"PI";"2025";"01";"AJUSTE FUNDEB/AJUSTE FUNDEB VAAR";"R$0,00";"R$0,00";"R$2.623.711,79";"R$2.623.711,79"
"Nordeste";"PI";"2025";"09";"AJUSTE FUNDEB/AJUSTE FUNDEB VAAR";"R$0,00";"R$0,00";"-R$67.303,94";"-R$67.303,94"
"Nordeste";"PI";"2020";"01";"AJUSTE FUNDEB/COUN";"-R$46.260,61";"R$0,00";"R$0,00";"-R$46.260,61"
"Nordeste";"PI";"2020";"04";"AJUSTE FUNDEB/COUN";"R$0,00";"R$0,00";"R$17.456.633,29";"R$17.456.633,29"
"Nordeste";"PI";"2020";"12";"AJUSTE FUNDEB/COUN";"R$0,00";"-R$286.523,00";"R$0,00";"-R$286.523,00"
"Nordeste";"PI";"2021";"04";"AJUSTE FUNDEB/COUN";"R$0,00";"R$0,00";"R$17.853.870,90";"R$17.853.870,90"
"Nordeste";"PI";"2020";"01";"AJUSTE FUNDEB/FPE";"-R$62.545,37";"R$0,00";"R$0,00";"-R$62.545,37"
"Nordeste";"PI";"2020";"12";"AJUSTE FUNDEB/FPE";"R$0,00";"-R$412.183,31";"R$0,00";"-R$412.183,31"
"Nordeste";"PI";"2021";"05";"AJUSTE FUNDEB/FPE";"R$0,00";"R$0,00";"R$3.034.029,49";"R$3.034.029,49"
"Nordeste";"PI";"2022";"09";"AJUSTE FUNDEB/FPE";"R$0,00";"R$0,00";"R$12.756,99";"R$12.756,99"
"Nordeste";"PI";"2024";"12";"AJUSTE FUNDEB/FPE";"R$0,00";"-R$137.351,47";"R$0,00";"-R$137.351,47"
"Nordeste";"PI";"2020";"01";"AJUSTE FUNDEB/FPM";"-R$40.126,40";"R$0,00";"R$0,00";"-R$40.126,40"
"Nordeste";"PI";"2020";"12";"AJUSTE FUNDEB/FPM";"R$0,00";"-R$265.036,32";"R$0,00";"-R$265.036,32"
"Nordeste";"PI";"2021";"05";"AJUSTE FUNDEB/FPM";"R$0,00";"R$0,00";"R$1.936.418,97";"R$1.936.418,97"
"Nordeste";"PI";"2022";"09";"AJUSTE FUNDEB/FPM";"R$0,00";"R$0,00";"R$8.176,69";"R$8.176,69"
"Nordeste";"PI";"2024";"12";"AJUSTE FUNDEB/FPM";"R$0,00";"-R$89.373,98";"R$0,00";"-R$89.373,98"
"Nordeste";"PI";"2020";"01";"AJUSTE FUNDEB/ICME";"-R$62.312,95";"R$0,00";"R$0,00";"-R$62.312,95"
"Nordeste";"PI";"2020";"12";"AJUSTE FUNDEB/ICME";"R$0,00";"-R$478.014,29";"R$0,00";"-R$478.014,29"
"Nordeste";"PI";"2021";"05";"AJUSTE FUNDEB/ICME";"R$0,00";"R$0,00";"R$2.725.880,45";"R$2.725.880,45"
"Nordeste";"PI";"2022";"09";"AJUSTE FUNDEB/ICME";"R$0,00";"R$0,00";"R$10.745,86";"R$10.745,86"
"Nordeste";"PI";"2024";"12";"AJUSTE FUNDEB/ICME";"R$0,00";"-R$132.827,84";"R$0,00";"-R$132.827,84"
"Nordeste";"PI";"2020";"01";"AJUSTE FUNDEB/IPIE";"-R$20,40";"R$0,00";"R$0,00";"-R$20,40"
"Nordeste";"PI";"2020";"12";"AJUSTE FUNDEB/IPIE";"R$0,00";"-R$107,54";"R$0,00";"-R$107,54"
"Nordeste";"PI";"2021";"05";"AJUSTE FUNDEB/IPIE";"R$0,00";"R$0,00";"R$1.061,04";"R$1.061,04"
"Nordeste";"PI";"2022";"09";"AJUSTE FUNDEB/IPIE";"R$0,00";"R$0,00";"R$3,41";"R$3,41"
"Nordeste";"PI";"2024";"12";"AJUSTE FUNDEB/IPIE";"R$0,00";"-R$32,37";"R$0,00";"-R$32,37"
"Nordeste";"PI";"2020";"01";"AJUSTE FUNDEB/IPVA";"-R$4.861,16";"R$0,00";"R$0,00";"-R$4.861,16"
"Nordeste";"PI";"2020";"12";"AJUSTE FUNDEB/IPVA";"R$0,00";"-R$38.733,03";"R$0,00";"-R$38.733,03"
"Nordeste";"PI";"2021";"05";"AJUSTE FUNDEB/IPVA";"R$0,00";"R$0,00";"R$453.273,60";"R$453.273,60"
"Nordeste";"PI";"2022";"09";"AJUSTE FUNDEB/IPVA";"R$0,00";"R$0,00";"R$1.222,24";"R$1.222,24"
"Nordeste";"PI";"2024";"12";"AJUSTE FUNDEB/IPVA";"R$0,00";"-R$10.893,12";"R$0,00";"-R$10.893,12"
"Nordeste";"PI";"2020";"01";"AJUSTE FUNDEB/ITCMD";"-R$754,87";"R$0,00";"R$0,00";"-R$754,87"
"Nordeste";"PI";"2020";"12";"AJUSTE FUNDEB/ITCMD";"R$0,00";"-R$1.412,11";"R$0,00";"-R$1.412,11"
"Nordeste";"PI";"2021";"05";"AJUSTE FUNDEB/ITCMD";"R$0,00";"R$0,00";"R$21.045,63";"R$21.045,63"
"Nordeste";"PI";"2022";"09";"AJUSTE FUNDEB/ITCMD";"R$0,00";"R$0,00";"R$90,01";"R$90,01"
"Nordeste";"PI";"2024";"12";"AJUSTE FUNDEB/ITCMD";"R$0,00";"-R$693,27";"R$0,00";"-R$693,27"
"Nordeste";"PI";"2020";"01";"AJUSTE FUNDEB/ITR";"-R$102,49";"R$0,00";"R$0,00";"-R$102,49"
"Nordeste";"PI";"2020";"12";"AJUSTE FUNDEB/ITR";"R$0,00";"-R$770,87";"R$0,00";"-R$770,87"
"Nordeste";"PI";"2021";"05";"AJUSTE FUNDEB/ITR";"R$0,00";"R$0,00";"R$751,40";"R$751,40"
"Nordeste";"PI";"2022";"09";"AJUSTE FUNDEB/ITR";"R$0,00";"R$0,00";"R$4,87";"R$4,87"
"Nordeste";"PI";"2024";"12";"AJUSTE FUNDEB/ITR";"R$0,00";"-R$376,49";"R$0,00";"-R$376,49"
"Nordeste";"RN";"2021";"05";"AJUSTE FUNDEB/AJUSTE FUNDEB VAAF";"R$0,00";"-R$216,82";"R$0,00";"-R$216,82"
"Nordeste";"RN";"2021";"09";"AJUSTE FUNDEB/AJUSTE FUNDEB VAAF";"R$0,00";"R$0,00";"R$1.584.590,46";"R$1.584.590,46"
"Nordeste";"RN";"2022";"04";"AJUSTE FUNDEB/AJUSTE FUNDEB VAAF";"R$0,00";"R$0,00";"R$12.134.100,24";"R$12.134.100,24"
"Nordeste";"RN";"2022";"09";"AJUSTE FUNDEB/AJUSTE FUNDEB VAAF";"R$0,00";"R$0,00";"-R$4.342.124,33";"-R$4.342.124,33"
"Nordeste";"RN";"2023";"05";"AJUSTE FUNDEB/AJUSTE FUNDEB VAAF";"R$0,00";"R$0,00";"-R$1.328.192,00";"-R$1.328.192,00"
"Nordeste";"RN";"2024";"04";"AJUSTE FUNDEB/AJUSTE FUNDEB VAAR";"R$0,00";"R$0,00";"R$194.324,80";"R$194.324,80"
"Nordeste";"RN";"2024";"09";"AJUSTE FUNDEB/AJUSTE FUNDEB VAAR";"R$0,00";"R$0,00";"-R$4.831.692,62";"-R$4.831.692,62"
"Nordeste";"RN";"2025";"01";"AJUSTE FUNDEB/AJUSTE FUNDEB VAAR";"R$0,00";"R$0,00";"R$323.901,58";"R$323.901,58"
"Nordeste";"RN";"2021";"04";"AJUSTE FUNDEB/COUN";"R$0,00";"R$0,00";"R$29.620.185,52";"R$29.620.185,52"
"Nordeste";"RN";"2021";"05";"AJUSTE FUNDEB/FPE";"R$0,00";"R$0,00";"R$2.730.825,66";"R$2.730.825,66"
"Nordeste";"RN";"2022";"09";"AJUSTE FUNDEB/FPE";"R$0,00";"R$0,00";"-R$3.530,72";"-R$3.530,72"
"Nordeste";"RN";"2021";"05";"AJUSTE FUNDEB/FPM";"R$0,00";"R$0,00";"R$1.713.983,08";"R$1.713.983,08"
"Nordeste";"RN";"2022";"09";"AJUSTE FUNDEB/FPM";"R$0,00";"R$0,00";"-R$2.284,73";"-R$2.284,73"
"Nordeste";"RN";"2021";"05";"AJUSTE FUNDEB/ICME";"R$0,00";"R$0,00";"R$3.050.201,92";"R$3.050.201,92"
"Nordeste";"RN";"2022";"09";"AJUSTE FUNDEB/ICME";"R$0,00";"R$0,00";"-R$3.702,47";"-R$3.702,47"
"Nordeste";"RN";"2021";"05";"AJUSTE FUNDEB/IPIE";"R$0,00";"R$0,00";"R$3.370,42";"R$3.370,42"
"Nordeste";"RN";"2022";"09";"AJUSTE FUNDEB/IPIE";"R$0,00";"R$0,00";"-R$5,26";"-R$5,26"
"Nordeste";"RN";"2021";"05";"AJUSTE FUNDEB/IPVA";"R$0,00";"R$0,00";"R$151.857,45";"R$151.857,45"
"Nordeste";"RN";"2022";"09";"AJUSTE FUNDEB/IPVA";"R$0,00";"R$0,00";"-R$287,26";"-R$287,26"
"Nordeste";"RN";"2021";"05";"AJUSTE FUNDEB/ITCMD";"R$0,00";"R$0,00";"R$8.049,91";"R$8.049,91"
"Nordeste";"RN";"2022";"09";"AJUSTE FUNDEB/ITCMD";"R$0,00";"R$0,00";"-R$11,91";"-R$11,91"
"Nordeste";"RN";"2021";"05";"AJUSTE FUNDEB/ITR";"R$0,00";"R$0,00";"R$164,17";"R$164,17"
"Nordeste";"RN";"2022";"09";"AJUSTE FUNDEB/ITR";"R$0,00";"R$0,00";"-R$0,31";"-R$0,31"
"Nordeste";"SE";"2025";"09";"AJUSTE FUNDEB/AJUSTE FUNDEB VAAR";"R$0,00";"R$0,00";"-R$46.266,31";"-R$46.266,31"
"Nordeste";"SE";"2021";"05";"AJUSTE FUNDEB/FPE";"R$0,00";"R$0,00";"R$2.613.768,42";"R$2.613.768,42"
"Nordeste";"SE";"2022";"09";"AJUSTE FUNDEB/FPE";"R$0,00";"R$0,00";"R$7.945,59";"R$7.945,59"
"Nordeste";"SE";"2023";"09";"AJUSTE FUNDEB/FPE";"R$0,00";"R$0,00";"-R$63.156,38";"-R$63.156,38"
"Nordeste";"SE";"2021";"05";"AJUSTE FUNDEB/FPM";"R$0,00";"R$0,00";"R$997.262,54";"R$997.262,54"
"Nordeste";"SE";"2022";"09";"AJUSTE FUNDEB/FPM";"R$0,00";"R$0,00";"R$3.127,22";"R$3.127,22"
"Nordeste";"SE";"2023";"09";"AJUSTE FUNDEB/FPM";"R$0,00";"R$0,00";"-R$24.479,65";"-R$24.479,65"
"Nordeste";"SE";"2021";"05";"AJUSTE FUNDEB/ICME";"R$0,00";"R$0,00";"R$1.841.145,20";"R$1.841.145,20"
"Nordeste";"SE";"2022";"09";"AJUSTE FUNDEB/ICME";"R$0,00";"R$0,00";"R$5.595,15";"R$5.595,15"
"Nordeste";"SE";"2023";"09";"AJUSTE FUNDEB/ICME";"R$0,00";"R$0,00";"-R$45.545,35";"-R$45.545,35"
"Nordeste";"SE";"2021";"05";"AJUSTE FUNDEB/IPIE";"R$0,00";"R$0,00";"R$677,20";"R$677,20"
"Nordeste";"SE";"2022";"09";"AJUSTE FUNDEB/IPIE";"R$0,00";"R$0,00";"R$1,29";"R$1,29"
"Nordeste";"SE";"2023";"09";"AJUSTE FUNDEB/IPIE";"R$0,00";"R$0,00";"-R$23,42";"-R$23,42"
"Nordeste";"SE";"2021";"05";"AJUSTE FUNDEB/IPVA";"R$0,00";"R$0,00";"R$144.262,88";"R$144.262,88"
"Nordeste";"SE";"2022";"09";"AJUSTE FUNDEB/IPVA";"R$0,00";"R$0,00";"R$462,64";"R$462,64"
"Nordeste";"SE";"2023";"09";"AJUSTE FUNDEB/IPVA";"R$0,00";"R$0,00";"-R$4.164,41";"-R$4.164,41"
"Nordeste";"SE";"2021";"05";"AJUSTE FUNDEB/ITCMD";"R$0,00";"R$0,00";"R$10.288,92";"R$10.288,92"
"Nordeste";"SE";"2022";"09";"AJUSTE FUNDEB/ITCMD";"R$0,00";"R$0,00";"R$37,91";"R$37,91"
"Nordeste";"SE";"2023";"09";"AJUSTE FUNDEB/ITCMD";"R$0,00";"R$0,00";"-R$353,37";"-R$353,37"
"Nordeste";"SE";"2021";"05";"AJUSTE FUNDEB/ITR";"R$0,00";"R$0,00";"R$148,50";"R$148,50"
"Nordeste";"SE";"2022";"09";"AJUSTE FUNDEB/ITR";"R$0,00";"R$0,00";"R$0,91";"R$0,91"
"Nordeste";"SE";"2023";"09";"AJUSTE FUNDEB/ITR";"R$0,00";"R$0,00";"-R$6,82";"-R$6,82"
"Norte";"AC";"2024";"09";"AJUSTE FUNDEB/AJUSTE FUNDEB VAAR";"R$0,00";"R$0,00";"R$6.225.381,74";"R$6.225.381,74"
"Norte";"AC";"2025";"01";"AJUSTE FUNDEB/AJUSTE FUNDEB VAAR";"R$0,00";"R$0,00";"R$283.766,77";"R$283.766,77"
"Norte";"AC";"2021";"05";"AJUSTE FUNDEB/FPE";"R$0,00";"R$0,00";"-R$482.284,28";"-R$482.284,28"
"Norte";"AC";"2022";"09";"AJUSTE FUNDEB/FPE";"R$0,00";"R$0,00";"R$12.509,51";"R$12.509,51"
"Norte";"AC";"2021";"05";"AJUSTE FUNDEB/FPM";"R$0,00";"R$0,00";"-R$82.435,89";"-R$82.435,89"
"Norte";"AC";"2022";"09";"AJUSTE FUNDEB/FPM";"R$0,00";"R$0,00";"R$2.121,30";"R$2.121,30"
"Norte";"AC";"2021";"05";"AJUSTE FUNDEB/ICME";"R$0,00";"R$0,00";"-R$181.530,24";"-R$181.530,24"
"Norte";"AC";"2022";"09";"AJUSTE FUNDEB/ICME";"R$0,00";"R$0,00";"R$4.047,88";"R$4.047,88"
"Norte";"AC";"2021";"05";"AJUSTE FUNDEB/IPIE";"R$0,00";"R$0,00";"-R$121,62";"-R$121,62"
"Norte";"AC";"2022";"09";"AJUSTE FUNDEB/IPIE";"R$0,00";"R$0,00";"R$2,27";"R$2,27"
"Norte";"AC";"2021";"05";"AJUSTE FUNDEB/IPVA";"R$0,00";"R$0,00";"-R$9.641,06";"-R$9.641,06"
"Norte";"AC";"2022";"09";"AJUSTE FUNDEB/IPVA";"R$0,00";"R$0,00";"R$300,76";"R$300,76"
"Norte";"AC";"2021";"05";"AJUSTE FUNDEB/ITCMD";"R$0,00";"R$0,00";"-R$696,34";"-R$696,34"
"Norte";"AC";"2022";"09";"AJUSTE FUNDEB/ITCMD";"R$0,00";"R$0,00";"R$23,81";"R$23,81"
"Norte";"AC";"2021";"05";"AJUSTE FUNDEB/ITR";"R$0,00";"R$0,00";"-R$14,96";"-R$14,96"
"Norte";"AC";"2022";"09";"AJUSTE FUNDEB/ITR";"R$0,00";"R$0,00";"R$0,70";"R$0,70"
"Norte";"AM";"2021";"05";"AJUSTE FUNDEB/AJUSTE FUNDEB VAAF";"R$0,00";"R$237.417,26";"R$0,00";"R$237.417,26"
"Norte";"AM";"2021";"09";"AJUSTE FUNDEB/AJUSTE FUNDEB VAAF";"R$0,00";"R$0,00";"R$62.676.895,63";"R$62.676.895,63"
"Norte";"AM";"2022";"04";"AJUSTE FUNDEB/AJUSTE FUNDEB VAAF";"R$0,00";"R$0,00";"R$22.023.183,48";"R$22.023.183,48"
"Norte";"AM";"2022";"09";"AJUSTE FUNDEB/AJUSTE FUNDEB VAAF";"R$0,00";"R$0,00";"R$63.374.388,11";"R$63.374.388,11"
"Norte";"AM";"2023";"04";"AJUSTE FUNDEB/AJUSTE FUNDEB VAAF";"R$0,00";"R$0,00";"-R$32.788.907,62";"-R$32.788.907,62"
"Norte";"AM";"2023";"05";"AJUSTE FUNDEB/AJUSTE FUNDEB VAAF";"R$0,00";"R$0,00";"R$40.571.374,18";"R$40.571.374,18"
"Norte";"AM";"2023";"09";"AJUSTE FUNDEB/AJUSTE FUNDEB VAAF";"R$0,00";"R$0,00";"-R$9.949,96";"-R$9.949,96"
"Norte";"AM";"2024";"01";"AJUSTE FUNDEB/AJUSTE FUNDEB VAAF";"R$0,00";"R$0,00";"R$115.802.673,45";"R$115.802.673,45"
"Norte";"AM";"2024";"04";"AJUSTE FUNDEB/AJUSTE FUNDEB VAAF";"R$0,00";"R$0,00";"R$58.958.088,35";"R$58.958.088,35"
"Norte";"AM";"2025";"04";"AJUSTE FUNDEB/AJUSTE FUNDEB VAAF";"R$0,00";"R$0,00";"-R$18.547.652,75";"-R$18.547.652,75"
"Norte";"AM";"2024";"04";"AJUSTE FUNDEB/AJUSTE FUNDEB VAAR";"R$0,00";"R$0,00";"R$420.487,44";"R$420.487,44"
"Norte";"AM";"2024";"09";"AJUSTE FUNDEB/AJUSTE FUNDEB VAAR";"R$0,00";"R$0,00";"-R$2.789.619,63";"-R$2.789.619,63"
"Norte";"AM";"2025";"01";"AJUSTE FUNDEB/AJUSTE FUNDEB VAAR";"R$0,00";"R$0,00";"-R$2.181.844,07";"-R$2.181.844,07"
"Norte";"AM";"2025";"04";"AJUSTE FUNDEB/AJUSTE FUNDEB VAAR";"R$0,00";"R$0,00";"-R$260.687,71";"-R$260.687,71"
"Norte";"AM";"2025";"09";"AJUSTE FUNDEB/AJUSTE FUNDEB VAAR";"R$0,00";"R$0,00";"R$35.684,01";"R$35.684,01"
"Norte";"AM";"2020";"01";"AJUSTE FUNDEB/COUN";"R$428.017,70";"R$0,00";"R$0,00";"R$428.017,70"
"Norte";"AM";"2020";"04";"AJUSTE FUNDEB/COUN";"R$0,00";"R$0,00";"-R$50.692.125,84";"-R$50.692.125,84"
"Norte";"AM";"2021";"04";"AJUSTE FUNDEB/COUN";"R$0,00";"R$0,00";"R$9.037.764,63";"R$9.037.764,63"
"Norte";"AM";"2020";"01";"AJUSTE FUNDEB/FPE";"R$266.105,76";"R$0,00";"R$0,00";"R$266.105,76"
"Norte";"AM";"2021";"05";"AJUSTE FUNDEB/FPE";"R$0,00";"R$0,00";"R$138.727,07";"R$138.727,07"
"Norte";"AM";"2022";"09";"AJUSTE FUNDEB/FPE";"R$0,00";"R$0,00";"-R$4.502,50";"-R$4.502,50"
"Norte";"AM";"2023";"09";"AJUSTE FUNDEB/FPE";"R$0,00";"R$0,00";"-R$9.714,81";"-R$9.714,81"
"Norte";"AM";"2020";"01";"AJUSTE FUNDEB/FPM";"R$153.011,73";"R$0,00";"R$0,00";"R$153.011,73"
"Norte";"AM";"2021";"05";"AJUSTE FUNDEB/FPM";"R$0,00";"R$0,00";"R$77.266,83";"R$77.266,83"
"Norte";"AM";"2022";"09";"AJUSTE FUNDEB/FPM";"R$0,00";"R$0,00";"-R$2.340,51";"-R$2.340,51"
"Norte";"AM";"2023";"09";"AJUSTE FUNDEB/FPM";"R$0,00";"R$0,00";"-R$5.079,20";"-R$5.079,20"
"Norte";"AM";"2020";"01";"AJUSTE FUNDEB/ICME";"R$926.823,55";"R$0,00";"R$0,00";"R$926.823,55"
"Norte";"AM";"2021";"05";"AJUSTE FUNDEB/ICME";"R$0,00";"R$0,00";"R$373.897,74";"R$373.897,74"
"Norte";"AM";"2022";"09";"AJUSTE FUNDEB/ICME";"R$0,00";"R$0,00";"-R$11.863,58";"-R$11.863,58"
"Norte";"AM";"2023";"09";"AJUSTE FUNDEB/ICME";"R$0,00";"R$0,00";"-R$25.421,49";"-R$25.421,49"
"Norte";"AM";"2020";"01";"AJUSTE FUNDEB/IPIE";"R$2.968,46";"R$0,00";"R$0,00";"R$2.968,46"
"Norte";"AM";"2021";"05";"AJUSTE FUNDEB/IPIE";"R$0,00";"R$0,00";"R$1.264,23";"R$1.264,23"
"Norte";"AM";"2022";"09";"AJUSTE FUNDEB/IPIE";"R$0,00";"R$0,00";"-R$31,91";"-R$31,91"
"Norte";"AM";"2023";"09";"AJUSTE FUNDEB/IPIE";"R$0,00";"R$0,00";"-R$43,65";"-R$43,65"
"Norte";"AM";"2020";"01";"AJUSTE FUNDEB/IPVA";"R$34.251,60";"R$0,00";"R$0,00";"R$34.251,60"
"Norte";"AM";"2021";"05";"AJUSTE FUNDEB/IPVA";"R$0,00";"R$0,00";"R$14.184,79";"R$14.184,79"
"Norte";"AM";"2022";"09";"AJUSTE FUNDEB/IPVA";"R$0,00";"R$0,00";"-R$462,81";"-R$462,81"
"Norte";"AM";"2023";"09";"AJUSTE FUNDEB/IPVA";"R$0,00";"R$0,00";"-R$1.553,46";"-R$1.553,46"
"Norte";"AM";"2020";"01";"AJUSTE FUNDEB/ITCMD";"R$1.211,39";"R$0,00";"R$0,00";"R$1.211,39"
"Norte";"AM";"2021";"05";"AJUSTE FUNDEB/ITCMD";"R$0,00";"R$0,00";"R$564,33";"R$564,33"
"Norte";"AM";"2022";"09";"AJUSTE FUNDEB/ITCMD";"R$0,00";"R$0,00";"-R$22,25";"-R$22,25"
"Norte";"AM";"2023";"09";"AJUSTE FUNDEB/ITCMD";"R$0,00";"R$0,00";"-R$70,61";"-R$70,61"
"Norte";"AM";"2020";"01";"AJUSTE FUNDEB/ITR";"R$114,86";"R$0,00";"R$0,00";"R$114,86"
"Norte";"AM";"2021";"05";"AJUSTE FUNDEB/ITR";"R$0,00";"R$0,00";"R$15,07";"R$15,07"
"Norte";"AM";"2022";"09";"AJUSTE FUNDEB/ITR";"R$0,00";"R$0,00";"-R$0,69";"-R$0,69"
"Norte";"AM";"2023";"09";"AJUSTE FUNDEB/ITR";"R$0,00";"R$0,00";"-R$1,94";"-R$1,94"
"Norte";"AP";"2024";"04";"AJUSTE FUNDEB/AJUSTE FUNDEB VAAR";"R$0,00";"R$0,00";"R$104.670,68";"R$104.670,68"
"Norte";"AP";"2024";"09";"AJUSTE FUNDEB/AJUSTE FUNDEB VAAR";"R$0,00";"R$0,00";"-R$2.425.913,29";"-R$2.425.913,29"
"Norte";"AP";"2025";"01";"AJUSTE FUNDEB/AJUSTE FUNDEB VAAR";"R$0,00";"R$0,00";"-R$164.645,69";"-R$164.645,69"
"Norte";"AP";"2021";"05";"AJUSTE FUNDEB/FPE";"R$0,00";"R$0,00";"-R$505.039,05";"-R$505.039,05"
"Norte";"AP";"2022";"09";"AJUSTE FUNDEB/FPE";"R$0,00";"R$0,00";"R$16.348,71";"R$16.348,71"
"Norte";"AP";"2021";"05";"AJUSTE FUNDEB/FPM";"R$0,00";"R$0,00";"-R$59.782,64";"-R$59.782,64"
"Norte";"AP";"2022";"09";"AJUSTE FUNDEB/FPM";"R$0,00";"R$0,00";"R$1.913,25";"R$1.913,25"
"Norte";"AP";"2021";"05";"AJUSTE FUNDEB/ICME";"R$0,00";"R$0,00";"-R$128.027,55";"-R$128.027,55"
"Norte";"AP";"2022";"09";"AJUSTE FUNDEB/ICME";"R$0,00";"R$0,00";"R$3.814,02";"R$3.814,02"
"Norte";"AP";"2021";"05";"AJUSTE FUNDEB/IPIE";"R$0,00";"R$0,00";"-R$1.288,64";"-R$1.288,64"
"Norte";"AP";"2022";"09";"AJUSTE FUNDEB/IPIE";"R$0,00";"R$0,00";"R$30,99";"R$30,99"
"Norte";"AP";"2021";"05";"AJUSTE FUNDEB/IPVA";"R$0,00";"R$0,00";"-R$14.730,93";"-R$14.730,93"
"Norte";"AP";"2022";"09";"AJUSTE FUNDEB/IPVA";"R$0,00";"R$0,00";"R$403,30";"R$403,30"
"Norte";"AP";"2021";"05";"AJUSTE FUNDEB/ITCMD";"R$0,00";"R$0,00";"-R$137,13";"-R$137,13"
"Norte";"AP";"2022";"09";"AJUSTE FUNDEB/ITCMD";"R$0,00";"R$0,00";"R$9,88";"R$9,88"
"Norte";"AP";"2021";"05";"AJUSTE FUNDEB/ITR";"R$0,00";"R$0,00";"-R$4,71";"-R$4,71"
"Norte";"AP";"2022";"09";"AJUSTE FUNDEB/ITR";"R$0,00";"R$0,00";"R$0,16";"R$0,16"
"Norte";"PA";"2021";"05";"AJUSTE FUNDEB/AJUSTE FUNDEB VAAF";"R$0,00";"R$2.888.412,34";"R$0,00";"R$2.888.412,34"
"Norte";"PA";"2021";"06";"AJUSTE FUNDEB/AJUSTE FUNDEB VAAF";"R$0,00";"-R$670.775,43";"R$0,00";"-R$670.775,43"
"Norte";"PA";"2021";"09";"AJUSTE FUNDEB/AJUSTE FUNDEB VAAF";"R$0,00";"R$0,00";"R$112.095.235,88";"R$112.095.235,88"
"Norte";"PA";"2022";"04";"AJUSTE FUNDEB/AJUSTE FUNDEB VAAF";"R$0,00";"R$0,00";"R$54.991.809,34";"R$54.991.809,34"
"Norte";"PA";"2022";"09";"AJUSTE FUNDEB/AJUSTE FUNDEB VAAF";"R$0,00";"R$0,00";"R$116.943.369,50";"R$116.943.369,50"
"Norte";"PA";"2023";"04";"AJUSTE FUNDEB/AJUSTE FUNDEB VAAF";"R$0,00";"R$0,00";"-R$74.880.881,50";"-R$74.880.881,50"
"Norte";"PA";"2023";"05";"AJUSTE FUNDEB/AJUSTE FUNDEB VAAF";"R$0,00";"R$0,00";"R$85.329.172,82";"R$85.329.172,82"
"Norte";"PA";"2023";"09";"AJUSTE FUNDEB/AJUSTE FUNDEB VAAF";"R$0,00";"R$0,00";"-R$789.963,65";"-R$789.963,65"
"Norte";"PA";"2024";"01";"AJUSTE FUNDEB/AJUSTE FUNDEB VAAF";"R$0,00";"R$0,00";"R$172.420.208,19";"R$172.420.208,19"
"Norte";"PA";"2024";"04";"AJUSTE FUNDEB/AJUSTE FUNDEB VAAF";"R$0,00";"R$0,00";"-R$9.887.735,44";"-R$9.887.735,44"
"Norte";"PA";"2025";"04";"AJUSTE FUNDEB/AJUSTE FUNDEB VAAF";"R$0,00";"R$0,00";"R$16.989.574,50";"R$16.989.574,50"
"Norte";"PA";"2024";"04";"AJUSTE FUNDEB/AJUSTE FUNDEB VAAR";"R$0,00";"R$0,00";"R$506.863,44";"R$506.863,44"
"Norte";"PA";"2024";"09";"AJUSTE FUNDEB/AJUSTE FUNDEB VAAR";"R$0,00";"R$0,00";"-R$13.187.238,37";"-R$13.187.238,37"
"Norte";"PA";"2025";"01";"AJUSTE FUNDEB/AJUSTE FUNDEB VAAR";"R$0,00";"R$0,00";"-R$524.671,79";"-R$524.671,79"
"Norte";"PA";"2025";"04";"AJUSTE FUNDEB/AJUSTE FUNDEB VAAR";"R$0,00";"R$0,00";"R$0,01";"R$0,01"
"Norte";"PA";"2025";"09";"AJUSTE FUNDEB/AJUSTE FUNDEB VAAR";"R$0,00";"R$0,00";"-R$127.789,49";"-R$127.789,49"
"Norte";"PA";"2020";"01";"AJUSTE FUNDEB/COUN";"R$365.582,36";"R$0,00";"R$0,00";"R$365.582,36"
"Norte";"PA";"2020";"04";"AJUSTE FUNDEB/COUN";"R$0,00";"R$0,00";"-R$86.094.755,02";"-R$86.094.755,02"
"Norte";"PA";"2021";"04";"AJUSTE FUNDEB/COUN";"R$0,00";"R$0,00";"-R$39.372.578,19";"-R$39.372.578,19"
"Norte";"PA";"2020";"01";"AJUSTE FUNDEB/FPE";"R$146.015,57";"R$0,00";"R$0,00";"R$146.015,57"
"Norte";"PA";"2021";"05";"AJUSTE FUNDEB/FPE";"R$0,00";"R$0,00";"R$974.655,20";"R$974.655,20"
"Norte";"PA";"2022";"09";"AJUSTE FUNDEB/FPE";"R$0,00";"R$0,00";"R$19.940,92";"R$19.940,92"
"Norte";"PA";"2023";"09";"AJUSTE FUNDEB/FPE";"R$0,00";"R$0,00";"-R$451.831,41";"-R$451.831,41"
"Norte";"PA";"2020";"01";"AJUSTE FUNDEB/FPM";"R$87.180,10";"R$0,00";"R$0,00";"R$87.180,10"
"Norte";"PA";"2021";"05";"AJUSTE FUNDEB/FPM";"R$0,00";"R$0,00";"R$580.353,48";"R$580.353,48"
"Norte";"PA";"2022";"09";"AJUSTE FUNDEB/FPM";"R$0,00";"R$0,00";"R$11.667,33";"R$11.667,33"
"Norte";"PA";"2023";"09";"AJUSTE FUNDEB/FPM";"R$0,00";"R$0,00";"-R$262.670,85";"-R$262.670,85"
"Norte";"PA";"2020";"01";"AJUSTE FUNDEB/ICME";"R$302.766,75";"R$0,00";"R$0,00";"R$302.766,75"
"Norte";"PA";"2021";"05";"AJUSTE FUNDEB/ICME";"R$0,00";"R$0,00";"R$1.603.487,87";"R$1.603.487,87"
"Norte";"PA";"2022";"09";"AJUSTE FUNDEB/ICME";"R$0,00";"R$0,00";"R$40.348,25";"R$40.348,25"
"Norte";"PA";"2023";"09";"AJUSTE FUNDEB/ICME";"R$0,00";"R$0,00";"-R$860.647,36";"-R$860.647,36"
"Norte";"PA";"2020";"01";"AJUSTE FUNDEB/IPIE";"R$8.529,63";"R$0,00";"R$0,00";"R$8.529,63"
"Norte";"PA";"2021";"05";"AJUSTE FUNDEB/IPIE";"R$0,00";"R$0,00";"R$69.410,32";"R$69.410,32"
"Norte";"PA";"2022";"09";"AJUSTE FUNDEB/IPIE";"R$0,00";"R$0,00";"R$1.355,43";"R$1.355,43"
"Norte";"PA";"2023";"09";"AJUSTE FUNDEB/IPIE";"R$0,00";"R$0,00";"-R$19.637,56";"-R$19.637,56"
"Norte";"PA";"2020";"01";"AJUSTE FUNDEB/IPVA";"R$15.611,03";"R$0,00";"R$0,00";"R$15.611,03"
"Norte";"PA";"2021";"05";"AJUSTE FUNDEB/IPVA";"R$0,00";"R$0,00";"R$55.287,32";"R$55.287,32"
"Norte";"PA";"2022";"09";"AJUSTE FUNDEB/IPVA";"R$0,00";"R$0,00";"R$1.921,51";"R$1.921,51"
"Norte";"PA";"2023";"09";"AJUSTE FUNDEB/IPVA";"R$0,00";"R$0,00";"-R$57.247,28";"-R$57.247,28"
"Norte";"PA";"2020";"01";"AJUSTE FUNDEB/ITCMD";"R$843,60";"R$0,00";"R$0,00";"R$843,60"
"Norte";"PA";"2021";"05";"AJUSTE FUNDEB/ITCMD";"R$0,00";"R$0,00";"R$3.531,17";"R$3.531,17"
"Norte";"PA";"2022";"09";"AJUSTE FUNDEB/ITCMD";"R$0,00";"R$0,00";"R$91,94";"R$91,94"
"Norte";"PA";"2023";"09";"AJUSTE FUNDEB/ITCMD";"R$0,00";"R$0,00";"-R$3.985,36";"-R$3.985,36"
"Norte";"PA";"2020";"01";"AJUSTE FUNDEB/ITR";"R$372,96";"R$0,00";"R$0,00";"R$372,96"
"Norte";"PA";"2021";"05";"AJUSTE FUNDEB/ITR";"R$0,00";"R$0,00";"R$448,89";"R$448,89"
"Norte";"PA";"2022";"09";"AJUSTE FUNDEB/ITR";"R$0,00";"R$0,00";"R$13,54";"R$13,54"
"Norte";"PA";"2023";"09";"AJUSTE FUNDEB/ITR";"R$0,00";"R$0,00";"-R$336,57";"-R$336,57"
"Norte";"RO";"2024";"04";"AJUSTE FUNDEB/AJUSTE FUNDEB VAAR";"R$0,00";"R$0,00";"R$183.054,77";"R$183.054,77"
"Norte";"RO";"2024";"09";"AJUSTE FUNDEB/AJUSTE FUNDEB VAAR";"R$0,00";"R$0,00";"-R$1.290.159,47";"-R$1.290.159,47"
"Norte";"RO";"2025";"01";"AJUSTE FUNDEB/AJUSTE FUNDEB VAAR";"R$0,00";"R$0,00";"-R$591.178,12";"-R$591.178,12"
"Norte";"RO";"2025";"04";"AJUSTE FUNDEB/AJUSTE FUNDEB VAAR";"R$0,00";"R$0,00";"-R$115.163,39";"-R$115.163,39"
"Norte";"RO";"2021";"05";"AJUSTE FUNDEB/FPE";"R$0,00";"R$0,00";"-R$292.880,79";"-R$292.880,79"
"Norte";"RO";"2022";"09";"AJUSTE FUNDEB/FPE";"R$0,00";"R$0,00";"R$44.068,11";"R$44.068,11"
"Norte";"RO";"2023";"09";"AJUSTE FUNDEB/FPE";"R$0,00";"R$0,00";"R$46.600,48";"R$46.600,48"
"Norte";"RO";"2021";"05";"AJUSTE FUNDEB/FPM";"R$0,00";"R$0,00";"-R$95.574,91";"-R$95.574,91"
"Norte";"RO";"2022";"09";"AJUSTE FUNDEB/FPM";"R$0,00";"R$0,00";"R$14.703,90";"R$14.703,90"
"Norte";"RO";"2023";"09";"AJUSTE FUNDEB/FPM";"R$0,00";"R$0,00";"R$14.510,14";"R$14.510,14"
"Norte";"RO";"2021";"05";"AJUSTE FUNDEB/ICME";"R$0,00";"R$0,00";"-R$397.531,27";"-R$397.531,27"
"Norte";"RO";"2022";"09";"AJUSTE FUNDEB/ICME";"R$0,00";"R$0,00";"R$61.798,95";"R$61.798,95"
"Norte";"RO";"2023";"09";"AJUSTE FUNDEB/ICME";"R$0,00";"R$0,00";"R$57.265,32";"R$57.265,32"
"Norte";"RO";"2025";"08";"AJUSTE FUNDEB/ICME";"R$0,00";"R$0,00";"R$148.232,91";"R$148.232,91"
"Norte";"RO";"2021";"05";"AJUSTE FUNDEB/IPIE";"R$0,00";"R$0,00";"-R$2.622,72";"-R$2.622,72"
"Norte";"RO";"2022";"09";"AJUSTE FUNDEB/IPIE";"R$0,00";"R$0,00";"R$253,70";"R$253,70"
"Norte";"RO";"2023";"09";"AJUSTE FUNDEB/IPIE";"R$0,00";"R$0,00";"R$217,67";"R$217,67"
"Norte";"RO";"2021";"05";"AJUSTE FUNDEB/IPVA";"R$0,00";"R$0,00";"-R$33.553,48";"-R$33.553,48"
"Norte";"RO";"2022";"09";"AJUSTE FUNDEB/IPVA";"R$0,00";"R$0,00";"R$5.837,77";"R$5.837,77"
"Norte";"RO";"2023";"09";"AJUSTE FUNDEB/IPVA";"R$0,00";"R$0,00";"R$7.095,84";"R$7.095,84"
"Norte";"RO";"2025";"08";"AJUSTE FUNDEB/IPVA";"R$0,00";"R$0,00";"R$1.874,94";"R$1.874,94"
"Norte";"RO";"2021";"05";"AJUSTE FUNDEB/ITCMD";"R$0,00";"R$0,00";"-R$2.257,51";"-R$2.257,51"
"Norte";"RO";"2022";"09";"AJUSTE FUNDEB/ITCMD";"R$0,00";"R$0,00";"R$238,35";"R$238,35"
"Norte";"RO";"2023";"09";"AJUSTE FUNDEB/ITCMD";"R$0,00";"R$0,00";"R$265,30";"R$265,30"
"Norte";"RO";"2025";"08";"AJUSTE FUNDEB/ITCMD";"R$0,00";"R$0,00";"-R$9.319,74";"-R$9.319,74"
"Norte";"RO";"2021";"05";"AJUSTE FUNDEB/ITR";"R$0,00";"R$0,00";"-R$86,22";"-R$86,22"
"Norte";"RO";"2022";"09";"AJUSTE FUNDEB/ITR";"R$0,00";"R$0,00";"R$32,38";"R$32,38"
"Norte";"RO";"2023";"09";"AJUSTE FUNDEB/ITR";"R$0,00";"R$0,00";"R$56,06";"R$56,06"
"Norte";"RR";"2021";"05";"AJUSTE FUNDEB/FPE";"R$0,00";"R$0,00";"-R$178.637,26";"-R$178.637,26"
"Norte";"RR";"2021";"05";"AJUSTE FUNDEB/FPM";"R$0,00";"R$0,00";"-R$36.008,88";"-R$36.008,88"
"Norte";"RR";"2021";"05";"AJUSTE FUNDEB/ICME";"R$0,00";"R$0,00";"-R$73.073,64";"-R$73.073,64"
"Norte";"RR";"2021";"05";"AJUSTE FUNDEB/IPIE";"R$0,00";"R$0,00";"-R$292,74";"-R$292,74"
"Norte";"RR";"2021";"05";"AJUSTE FUNDEB/IPVA";"R$0,00";"R$0,00";"-R$3.341,06";"-R$3.341,06"
"Norte";"RR";"2021";"05";"AJUSTE FUNDEB/ITCMD";"R$0,00";"R$0,00";"-R$387,16";"-R$387,16"
"Norte";"RR";"2021";"05";"AJUSTE FUNDEB/ITR";"R$0,00";"R$0,00";"-R$17,94";"-R$17,94"
"Norte";"TO";"2024";"04";"AJUSTE FUNDEB/AJUSTE FUNDEB VAAR";"R$0,00";"R$0,00";"R$144.472,47";"R$144.472,47"
"Norte";"TO";"2024";"09";"AJUSTE FUNDEB/AJUSTE FUNDEB VAAR";"R$0,00";"R$0,00";"R$14.981.752,22";"R$14.981.752,22"
"Norte";"TO";"2025";"01";"AJUSTE FUNDEB/AJUSTE FUNDEB VAAR";"R$0,00";"R$0,00";"-R$497.145,29";"-R$497.145,29"
"Norte";"TO";"2025";"04";"AJUSTE FUNDEB/AJUSTE FUNDEB VAAR";"R$0,00";"R$0,00";"-R$91.930,36";"-R$91.930,36"
"Norte";"TO";"2021";"05";"AJUSTE FUNDEB/FPE";"R$0,00";"R$0,00";"R$2.068.990,06";"R$2.068.990,06"
"Norte";"TO";"2022";"09";"AJUSTE FUNDEB/FPE";"R$0,00";"R$0,00";"-R$1.124,77";"-R$1.124,77"
"Norte";"TO";"2021";"05";"AJUSTE FUNDEB/FPM";"R$0,00";"R$0,00";"R$709.551,32";"R$709.551,32"
"Norte";"TO";"2022";"09";"AJUSTE FUNDEB/FPM";"R$0,00";"R$0,00";"-R$400,12";"-R$400,12"
"Norte";"TO";"2021";"05";"AJUSTE FUNDEB/ICME";"R$0,00";"R$0,00";"R$1.390.440,72";"R$1.390.440,72"
"Norte";"TO";"2022";"09";"AJUSTE FUNDEB/ICME";"R$0,00";"R$0,00";"-R$761,32";"-R$761,32"
"Norte";"TO";"2025";"09";"AJUSTE FUNDEB/ICME";"R$0,00";"-R$11.292,06";"R$0,00";"-R$11.292,06"
"Norte";"TO";"2021";"05";"AJUSTE FUNDEB/IPIE";"R$0,00";"R$0,00";"R$3.938,58";"R$3.938,58"
"Norte";"TO";"2022";"09";"AJUSTE FUNDEB/IPIE";"R$0,00";"R$0,00";"-R$1,96";"-R$1,96"
"Norte";"TO";"2021";"05";"AJUSTE FUNDEB/IPVA";"R$0,00";"R$0,00";"R$113.404,93";"R$113.404,93"
"Norte";"TO";"2022";"09";"AJUSTE FUNDEB/IPVA";"R$0,00";"R$0,00";"-R$46,44";"-R$46,44"
"Norte";"TO";"2021";"05";"AJUSTE FUNDEB/ITCMD";"R$0,00";"R$0,00";"R$20.098,90";"R$20.098,90"
"Norte";"TO";"2022";"09";"AJUSTE FUNDEB/ITCMD";"R$0,00";"R$0,00";"-R$10,41";"-R$10,41"
"Norte";"TO";"2021";"05";"AJUSTE FUNDEB/ITR";"R$0,00";"R$0,00";"R$3.020,38";"R$3.020,38"
"Norte";"TO";"2022";"09";"AJUSTE FUNDEB/ITR";"R$0,00";"R$0,00";"-R$1,84";"-R$1,84"
"Sudeste";"ES";"2024";"04";"AJUSTE FUNDEB/AJUSTE FUNDEB VAAR";"R$0,00";"R$0,00";"R$225.302,21";"R$225.302,21"
"Sudeste";"ES";"2024";"09";"AJUSTE FUNDEB/AJUSTE FUNDEB VAAR";"R$0,00";"R$0,00";"-R$5.183.225,82";"-R$5.183.225,82"
"Sudeste";"ES";"2025";"01";"AJUSTE FUNDEB/AJUSTE FUNDEB VAAR";"R$0,00";"R$0,00";"R$1.419.539,68";"R$1.419.539,68"
"Sudeste";"ES";"2025";"04";"AJUSTE FUNDEB/AJUSTE FUNDEB VAAR";"R$0,00";"R$0,00";"R$0,01";"R$0,01"
"Sudeste";"ES";"2020";"09";"AJUSTE FUNDEB/FPE";"R$131.099,06";"R$0,00";"R$0,00";"R$131.099,06"
"Sudeste";"ES";"2021";"05";"AJUSTE FUNDEB/FPE";"R$0,00";"R$0,00";"R$1.167.449,59";"R$1.167.449,59"
"Sudeste";"ES";"2022";"01";"AJUSTE FUNDEB/FPE";"R$0,00";"-R$14.517,06";"R$0,00";"-R$14.517,06"
"Sudeste";"ES";"2022";"09";"AJUSTE FUNDEB/FPE";"R$0,00";"R$0,00";"R$457.062,04";"R$457.062,04"
"Sudeste";"ES";"2020";"09";"AJUSTE FUNDEB/FPM";"R$163.584,76";"R$0,00";"R$0,00";"R$163.584,76"
"Sudeste";"ES";"2021";"05";"AJUSTE FUNDEB/FPM";"R$0,00";"R$0,00";"R$1.406.047,65";"R$1.406.047,65"
"Sudeste";"ES";"2022";"01";"AJUSTE FUNDEB/FPM";"R$0,00";"-R$17.772,62";"R$0,00";"-R$17.772,62"
"Sudeste";"ES";"2022";"09";"AJUSTE FUNDEB/FPM";"R$0,00";"R$0,00";"R$506.684,90";"R$506.684,90"
"Sudeste";"ES";"2020";"09";"AJUSTE FUNDEB/ICME";"R$930.719,29";"R$0,00";"R$0,00";"R$930.719,29"
"Sudeste";"ES";"2021";"05";"AJUSTE FUNDEB/ICME";"R$0,00";"R$0,00";"R$7.826.539,95";"R$7.826.539,95"
"Sudeste";"ES";"2022";"01";"AJUSTE FUNDEB/ICME";"R$0,00";"-R$117.997,75";"R$0,00";"-R$117.997,75"
"Sudeste";"ES";"2022";"09";"AJUSTE FUNDEB/ICME";"R$0,00";"R$0,00";"R$2.749.272,61";"R$2.749.272,61"
"Sudeste";"ES";"2020";"09";"AJUSTE FUNDEB/IPIE";"R$16.505,51";"R$0,00";"R$0,00";"R$16.505,51"
"Sudeste";"ES";"2021";"05";"AJUSTE FUNDEB/IPIE";"R$0,00";"R$0,00";"R$171.849,96";"R$171.849,96"
"Sudeste";"ES";"2022";"01";"AJUSTE FUNDEB/IPIE";"R$0,00";"-R$2.147,39";"R$0,00";"-R$2.147,39"
"Sudeste";"ES";"2022";"09";"AJUSTE FUNDEB/IPIE";"R$0,00";"R$0,00";"R$28.964,43";"R$28.964,43"
"Sudeste";"ES";"2020";"09";"AJUSTE FUNDEB/IPVA";"R$77.204,16";"R$0,00";"R$0,00";"R$77.204,16"
"Sudeste";"ES";"2021";"05";"AJUSTE FUNDEB/IPVA";"R$0,00";"R$0,00";"R$251.385,24";"R$251.385,24"
"Sudeste";"ES";"2022";"01";"AJUSTE FUNDEB/IPVA";"R$0,00";"-R$6.431,34";"R$0,00";"-R$6.431,34"
"Sudeste";"ES";"2022";"09";"AJUSTE FUNDEB/IPVA";"R$0,00";"R$0,00";"R$207.378,66";"R$207.378,66"
"Sudeste";"ES";"2020";"09";"AJUSTE FUNDEB/ITCMD";"R$6.112,71";"R$0,00";"R$0,00";"R$6.112,71"
"Sudeste";"ES";"2021";"05";"AJUSTE FUNDEB/ITCMD";"R$0,00";"R$0,00";"R$55.852,44";"R$55.852,44"
"Sudeste";"ES";"2022";"01";"AJUSTE FUNDEB/ITCMD";"R$0,00";"-R$756,81";"R$0,00";"-R$756,81"
"Sudeste";"ES";"2022";"09";"AJUSTE FUNDEB/ITCMD";"R$0,00";"R$0,00";"R$20.394,95";"R$20.394,95"
"Sudeste";"ES";"2020";"09";"AJUSTE FUNDEB/ITR";"R$34,08";"R$0,00";"R$0,00";"R$34,08"
"Sudeste";"ES";"2021";"05";"AJUSTE FUNDEB/ITR";"R$0,00";"R$0,00";"R$467,94";"R$467,94"
"Sudeste";"ES";"2022";"01";"AJUSTE FUNDEB/ITR";"R$0,00";"-R$47,86";"R$0,00";"-R$47,86"
"Sudeste";"ES";"2022";"09";"AJUSTE FUNDEB/ITR";"R$0,00";"R$0,00";"R$183,63";"R$183,63"
"Sudeste";"MG";"2024";"09";"AJUSTE FUNDEB/AJUSTE FUNDEB VAAR";"R$0,00";"R$0,00";"R$72.889.198,78";"R$72.889.198,78"
"Sudeste";"MG";"2025";"01";"AJUSTE FUNDEB/AJUSTE FUNDEB VAAR";"R$0,00";"R$0,00";"-R$5.344.440,05";"-R$5.344.440,05"
"Sudeste";"MG";"2020";"01";"AJUSTE FUNDEB/FPE";"R$10.425,14";"R$0,00";"R$0,00";"R$10.425,14"
"Sudeste";"MG";"2021";"05";"AJUSTE FUNDEB/FPE";"R$0,00";"R$0,00";"-R$741.721,26";"-R$741.721,26"
"Sudeste";"MG";"2022";"09";"AJUSTE FUNDEB/FPE";"R$0,00";"R$0,00";"-R$2.017,16";"-R$2.017,16"
"Sudeste";"MG";"2023";"09";"AJUSTE FUNDEB/FPE";"R$0,00";"R$0,00";"-R$335.238,33";"-R$335.238,33"
"Sudeste";"MG";"2025";"01";"AJUSTE FUNDEB/FPE";"R$0,00";"R$0,00";"-R$39.172,81";"-R$39.172,81"
"Sudeste";"MG";"2020";"01";"AJUSTE FUNDEB/FPM";"R$31.849,21";"R$0,00";"R$0,00";"R$31.849,21"
"Sudeste";"MG";"2021";"05";"AJUSTE FUNDEB/FPM";"R$0,00";"R$0,00";"-R$2.247.604,98";"-R$2.247.604,98"
"Sudeste";"MG";"2022";"09";"AJUSTE FUNDEB/FPM";"R$0,00";"R$0,00";"-R$6.008,65";"-R$6.008,65"
"Sudeste";"MG";"2023";"09";"AJUSTE FUNDEB/FPM";"R$0,00";"R$0,00";"-R$1.008.906,12";"-R$1.008.906,12"
"Sudeste";"MG";"2025";"01";"AJUSTE FUNDEB/FPM";"R$0,00";"R$0,00";"-R$117.628,47";"-R$117.628,47"
"Sudeste";"MG";"2020";"01";"AJUSTE FUNDEB/ICME";"R$122.414,14";"R$0,00";"R$0,00";"R$122.414,14"
"Sudeste";"MG";"2021";"05";"AJUSTE FUNDEB/ICME";"R$0,00";"R$0,00";"-R$8.577.652,32";"-R$8.577.652,32"
"Sudeste";"MG";"2022";"09";"AJUSTE FUNDEB/ICME";"R$0,00";"R$0,00";"-R$20.205,56";"-R$20.205,56"
"Sudeste";"MG";"2023";"09";"AJUSTE FUNDEB/ICME";"R$0,00";"R$0,00";"-R$3.130.070,71";"-R$3.130.070,71"
"Sudeste";"MG";"2025";"01";"AJUSTE FUNDEB/ICME";"R$0,00";"R$0,00";"-R$382.622,05";"-R$382.622,05"
"Sudeste";"MG";"2020";"01";"AJUSTE FUNDEB/IPIE";"R$1.449,76";"R$0,00";"R$0,00";"R$1.449,76"
"Sudeste";"MG";"2021";"05";"AJUSTE FUNDEB/IPIE";"R$0,00";"R$0,00";"-R$107.640,64";"-R$107.640,64"
"Sudeste";"MG";"2022";"09";"AJUSTE FUNDEB/IPIE";"R$0,00";"R$0,00";"-R$226,65";"-R$226,65"
"Sudeste";"MG";"2023";"09";"AJUSTE FUNDEB/IPIE";"R$0,00";"R$0,00";"-R$29.140,78";"-R$29.140,78"
"Sudeste";"MG";"2025";"01";"AJUSTE FUNDEB/IPIE";"R$0,00";"R$0,00";"-R$3.713,15";"-R$3.713,15"
"Sudeste";"MG";"2020";"01";"AJUSTE FUNDEB/IPVA";"R$13.108,26";"R$0,00";"R$0,00";"R$13.108,26"
"Sudeste";"MG";"2021";"05";"AJUSTE FUNDEB/IPVA";"R$0,00";"R$0,00";"-R$778.536,30";"-R$778.536,30"
"Sudeste";"MG";"2022";"09";"AJUSTE FUNDEB/IPVA";"R$0,00";"R$0,00";"-R$2.828,10";"-R$2.828,10"
"Sudeste";"MG";"2023";"09";"AJUSTE FUNDEB/IPVA";"R$0,00";"R$0,00";"-R$672.327,00";"-R$672.327,00"
"Sudeste";"MG";"2025";"01";"AJUSTE FUNDEB/IPVA";"R$0,00";"R$0,00";"-R$58.950,06";"-R$58.950,06"
"Sudeste";"MG";"2020";"01";"AJUSTE FUNDEB/ITCMD";"R$2.147,65";"R$0,00";"R$0,00";"R$2.147,65"
"Sudeste";"MG";"2021";"05";"AJUSTE FUNDEB/ITCMD";"R$0,00";"R$0,00";"-R$203.768,93";"-R$203.768,93"
"Sudeste";"MG";"2022";"09";"AJUSTE FUNDEB/ITCMD";"R$0,00";"R$0,00";"-R$412,56";"-R$412,56"
"Sudeste";"MG";"2023";"09";"AJUSTE FUNDEB/ITCMD";"R$0,00";"R$0,00";"-R$76.494,27";"-R$76.494,27"
"Sudeste";"MG";"2025";"01";"AJUSTE FUNDEB/ITCMD";"R$0,00";"R$0,00";"-R$9.864,07";"-R$9.864,07"
"Sudeste";"MG";"2020";"01";"AJUSTE FUNDEB/ITR";"R$298,52";"R$0,00";"R$0,00";"R$298,52"
"Sudeste";"MG";"2021";"05";"AJUSTE FUNDEB/ITR";"R$0,00";"R$0,00";"-R$1.629,01";"-R$1.629,01"
"Sudeste";"MG";"2022";"09";"AJUSTE FUNDEB/ITR";"R$0,00";"R$0,00";"-R$6,61";"-R$6,61"
"Sudeste";"MG";"2023";"09";"AJUSTE FUNDEB/ITR";"R$0,00";"R$0,00";"-R$1.647,04";"-R$1.647,04"
"Sudeste";"MG";"2025";"01";"AJUSTE FUNDEB/ITR";"R$0,00";"R$0,00";"-R$1.296,08";"-R$1.296,08"
"Sudeste";"RJ";"2021";"05";"AJUSTE FUNDEB/AJUSTE FUNDEB VAAF";"R$0,00";"R$516.170,68";"R$0,00";"R$516.170,68"
"Sudeste";"RJ";"2021";"06";"AJUSTE FUNDEB/AJUSTE FUNDEB VAAF";"R$0,00";"-R$867.454,19";"R$0,00";"-R$867.454,19"
"Sudeste";"RJ";"2021";"09";"AJUSTE FUNDEB/AJUSTE FUNDEB VAAF";"R$0,00";"R$0,00";"-R$62.362.425,44";"-R$62.362.425,44"
"Sudeste";"RJ";"2023";"04";"AJUSTE FUNDEB/AJUSTE FUNDEB VAAF";"R$0,00";"R$0,00";"R$275.340.359,67";"R$275.340.359,67"
"Sudeste";"RJ";"2023";"05";"AJUSTE FUNDEB/AJUSTE FUNDEB VAAF";"R$0,00";"R$0,00";"R$38.264.567,83";"R$38.264.567,83"
"Sudeste";"RJ";"2023";"09";"AJUSTE FUNDEB/AJUSTE FUNDEB VAAF";"R$0,00";"R$0,00";"-R$471.507,47";"-R$471.507,47"
"Sudeste";"RJ";"2024";"01";"AJUSTE FUNDEB/AJUSTE FUNDEB VAAF";"R$0,00";"R$0,00";"-R$11.970.943,43";"-R$11.970.943,43"
"Sudeste";"RJ";"2024";"04";"AJUSTE FUNDEB/AJUSTE FUNDEB VAAF";"R$0,00";"R$0,00";"R$28.523.296,18";"R$28.523.296,18"
"Sudeste";"RJ";"2025";"04";"AJUSTE FUNDEB/AJUSTE FUNDEB VAAF";"R$0,00";"R$0,00";"-R$1.405.395,03";"-R$1.405.395,03"
"Sudeste";"RJ";"2025";"09";"AJUSTE FUNDEB/AJUSTE FUNDEB VAAF";"R$0,00";"R$0,00";"-R$20.110.107,65";"-R$20.110.107,65"
"Sudeste";"RJ";"2020";"04";"AJUSTE FUNDEB/COUN";"R$0,00";"R$0,00";"R$23.661.377,24";"R$23.661.377,24"
"Sudeste";"RJ";"2021";"04";"AJUSTE FUNDEB/COUN";"R$0,00";"R$0,00";"-R$22.851.069,68";"-R$22.851.069,68"
"Sudeste";"RJ";"2021";"05";"AJUSTE FUNDEB/FPE";"R$0,00";"R$0,00";"R$1.390.381,71";"R$1.390.381,71"
"Sudeste";"RJ";"2022";"09";"AJUSTE FUNDEB/FPE";"R$0,00";"R$0,00";"-R$7.325,73";"-R$7.325,73"
"Sudeste";"RJ";"2023";"09";"AJUSTE FUNDEB/FPE";"R$0,00";"R$0,00";"-R$247.573,52";"-R$247.573,52"
"Sudeste";"RJ";"2021";"05";"AJUSTE FUNDEB/FPM";"R$0,00";"R$0,00";"R$2.949.410,84";"R$2.949.410,84"
"Sudeste";"RJ";"2022";"09";"AJUSTE FUNDEB/FPM";"R$0,00";"R$0,00";"-R$14.436,83";"-R$14.436,83"
"Sudeste";"RJ";"2023";"09";"AJUSTE FUNDEB/FPM";"R$0,00";"R$0,00";"-R$496.454,98";"-R$496.454,98"
"Sudeste";"RJ";"2021";"05";"AJUSTE FUNDEB/ICME";"R$0,00";"R$0,00";"R$30.507.470,68";"R$30.507.470,68"
"Sudeste";"RJ";"2022";"09";"AJUSTE FUNDEB/ICME";"R$0,00";"R$0,00";"-R$147.966,03";"-R$147.966,03"
"Sudeste";"RJ";"2023";"09";"AJUSTE FUNDEB/ICME";"R$0,00";"R$0,00";"-R$4.710.054,49";"-R$4.710.054,49"
"Sudeste";"RJ";"2021";"05";"AJUSTE FUNDEB/IPIE";"R$0,00";"R$0,00";"R$941.954,25";"R$941.954,25"
"Sudeste";"RJ";"2022";"09";"AJUSTE FUNDEB/IPIE";"R$0,00";"R$0,00";"-R$3.311,92";"-R$3.311,92"
"Sudeste";"RJ";"2023";"09";"AJUSTE FUNDEB/IPIE";"R$0,00";"R$0,00";"-R$103.709,54";"-R$103.709,54"
"Sudeste";"RJ";"2021";"05";"AJUSTE FUNDEB/IPVA";"R$0,00";"R$0,00";"R$6.521.892,16";"R$6.521.892,16"
"Sudeste";"RJ";"2022";"09";"AJUSTE FUNDEB/IPVA";"R$0,00";"R$0,00";"-R$15.563,19";"-R$15.563,19"
"Sudeste";"RJ";"2023";"09";"AJUSTE FUNDEB/IPVA";"R$0,00";"R$0,00";"-R$609.219,10";"-R$609.219,10"
"Sudeste";"RJ";"2021";"05";"AJUSTE FUNDEB/ITCMD";"R$0,00";"R$0,00";"R$692.836,03";"R$692.836,03"
"Sudeste";"RJ";"2022";"09";"AJUSTE FUNDEB/ITCMD";"R$0,00";"R$0,00";"-R$4.141,88";"-R$4.141,88"
"Sudeste";"RJ";"2023";"09";"AJUSTE FUNDEB/ITCMD";"R$0,00";"R$0,00";"-R$134.747,12";"-R$134.747,12"
"Sudeste";"RJ";"2021";"05";"AJUSTE FUNDEB/ITR";"R$0,00";"R$0,00";"R$3.608,48";"R$3.608,48"
"Sudeste";"RJ";"2022";"09";"AJUSTE FUNDEB/ITR";"R$0,00";"R$0,00";"-R$11,53";"-R$11,53"
"Sudeste";"RJ";"2023";"09";"AJUSTE FUNDEB/ITR";"R$0,00";"R$0,00";"-R$369,94";"-R$369,94"
"Sudeste";"SP";"2024";"09";"AJUSTE FUNDEB/AJUSTE FUNDEB VAAR";"R$0,00";"R$0,00";"R$170.781.811,69";"R$170.781.811,69"
"Sudeste";"SP";"2025";"01";"AJUSTE FUNDEB/AJUSTE FUNDEB VAAR";"R$0,00";"R$0,00";"-R$29.339.495,59";"-R$29.339.495,59"
"Sudeste";"SP";"2025";"04";"AJUSTE FUNDEB/AJUSTE FUNDEB VAAR";"R$0,00";"R$0,00";"-R$847,97";"-R$847,97"
"Sudeste";"SP";"2020";"09";"AJUSTE FUNDEB/FPE";"-R$19.126,92";"R$0,00";"R$0,00";"-R$19.126,92"
"Sudeste";"SP";"2021";"05";"AJUSTE FUNDEB/FPE";"R$0,00";"R$0,00";"R$256.189,67";"R$256.189,67"
"Sudeste";"SP";"2022";"09";"AJUSTE FUNDEB/FPE";"R$0,00";"R$0,00";"-R$2.843,06";"-R$2.843,06"
"Sudeste";"SP";"2023";"09";"AJUSTE FUNDEB/FPE";"R$0,00";"R$0,00";"-R$129.987,22";"-R$129.987,22"
"Sudeste";"SP";"2024";"05";"AJUSTE FUNDEB/FPE";"-R$28.764,69";"R$0,00";"R$0,00";"-R$28.764,69"
"Sudeste";"SP";"2020";"09";"AJUSTE FUNDEB/FPM";"-R$271.155,85";"R$0,00";"R$0,00";"-R$271.155,85"
"Sudeste";"SP";"2021";"05";"AJUSTE FUNDEB/FPM";"R$0,00";"R$0,00";"R$3.649.840,60";"R$3.649.840,60"
"Sudeste";"SP";"2022";"09";"AJUSTE FUNDEB/FPM";"R$0,00";"R$0,00";"-R$37.754,01";"-R$37.754,01"
"Sudeste";"SP";"2023";"09";"AJUSTE FUNDEB/FPM";"R$0,00";"R$0,00";"-R$1.848.528,39";"-R$1.848.528,39"
"Sudeste";"SP";"2024";"05";"AJUSTE FUNDEB/FPM";"-R$409.441,26";"R$0,00";"R$0,00";"-R$409.441,26"
"Sudeste";"SP";"2020";"09";"AJUSTE FUNDEB/ICME";"-R$2.720.365,97";"R$0,00";"R$0,00";"-R$2.720.365,97"
"Sudeste";"SP";"2021";"05";"AJUSTE FUNDEB/ICME";"R$0,00";"R$0,00";"R$33.113.879,07";"R$33.113.879,07"
"Sudeste";"SP";"2022";"09";"AJUSTE FUNDEB/ICME";"R$0,00";"R$0,00";"-R$348.271,57";"-R$348.271,57"
"Sudeste";"SP";"2023";"09";"AJUSTE FUNDEB/ICME";"R$0,00";"R$0,00";"-R$15.440.376,25";"-R$15.440.376,25"
"Sudeste";"SP";"2024";"05";"AJUSTE FUNDEB/ICME";"-R$3.633.176,81";"R$0,00";"R$0,00";"-R$3.633.176,81"
"Sudeste";"SP";"2020";"09";"AJUSTE FUNDEB/IPIE";"-R$19.080,05";"R$0,00";"R$0,00";"-R$19.080,05"
"Sudeste";"SP";"2021";"05";"AJUSTE FUNDEB/IPIE";"R$0,00";"R$0,00";"R$269.431,93";"R$269.431,93"
"Sudeste";"SP";"2022";"09";"AJUSTE FUNDEB/IPIE";"R$0,00";"R$0,00";"-R$2.128,97";"-R$2.128,97"
"Sudeste";"SP";"2023";"09";"AJUSTE FUNDEB/IPIE";"R$0,00";"R$0,00";"-R$87.777,29";"-R$87.777,29"
"Sudeste";"SP";"2024";"05";"AJUSTE FUNDEB/IPIE";"-R$21.255,89";"R$0,00";"R$0,00";"-R$21.255,89"
"Sudeste";"SP";"2020";"09";"AJUSTE FUNDEB/IPVA";"-R$476.857,26";"R$0,00";"R$0,00";"-R$476.857,26"
"Sudeste";"SP";"2021";"05";"AJUSTE FUNDEB/IPVA";"R$0,00";"R$0,00";"R$11.514.016,68";"R$11.514.016,68"
"Sudeste";"SP";"2022";"09";"AJUSTE FUNDEB/IPVA";"R$0,00";"R$0,00";"-R$50.913,63";"-R$50.913,63"
"Sudeste";"SP";"2023";"09";"AJUSTE FUNDEB/IPVA";"R$0,00";"R$0,00";"-R$2.983.226,09";"-R$2.983.226,09"
"Sudeste";"SP";"2024";"05";"AJUSTE FUNDEB/IPVA";"-R$514.108,20";"R$0,00";"R$0,00";"-R$514.108,20"
"Sudeste";"SP";"2020";"09";"AJUSTE FUNDEB/ITCMD";"-R$50.476,36";"R$0,00";"R$0,00";"-R$50.476,36"
"Sudeste";"SP";"2021";"05";"AJUSTE FUNDEB/ITCMD";"R$0,00";"R$0,00";"R$596.102,24";"R$596.102,24"
"Sudeste";"SP";"2022";"09";"AJUSTE FUNDEB/ITCMD";"R$0,00";"R$0,00";"-R$6.603,51";"-R$6.603,51"
"Sudeste";"SP";"2023";"09";"AJUSTE FUNDEB/ITCMD";"R$0,00";"R$0,00";"-R$300.600,57";"-R$300.600,57"
"Sudeste";"SP";"2024";"05";"AJUSTE FUNDEB/ITCMD";"-R$88.017,05";"R$0,00";"R$0,00";"-R$88.017,05"
"Sudeste";"SP";"2020";"09";"AJUSTE FUNDEB/ITR";"-R$347,81";"R$0,00";"R$0,00";"-R$347,81"
"Sudeste";"SP";"2021";"05";"AJUSTE FUNDEB/ITR";"R$0,00";"R$0,00";"R$8.521,39";"R$8.521,39"
"Sudeste";"SP";"2022";"09";"AJUSTE FUNDEB/ITR";"R$0,00";"R$0,00";"-R$121,01";"-R$121,01"
"Sudeste";"SP";"2023";"09";"AJUSTE FUNDEB/ITR";"R$0,00";"R$0,00";"-R$7.012,81";"-R$7.012,81"
"Sudeste";"SP";"2024";"05";"AJUSTE FUNDEB/ITR";"-R$8.341,55";"R$0,00";"R$0,00";"-R$8.341,55"
"Sul";"PR";"2021";"09";"AJUSTE FUNDEB/AJUSTE FUNDEB VAAF";"R$0,00";"R$0,00";"R$5.342.865,86";"R$5.342.865,86"
"Sul";"PR";"2022";"04";"AJUSTE FUNDEB/AJUSTE FUNDEB VAAF";"R$0,00";"R$0,00";"-R$21.645.233,10";"-R$21.645.233,10"
"Sul";"PR";"2024";"04";"AJUSTE FUNDEB/AJUSTE FUNDEB VAAR";"R$0,00";"R$0,00";"R$982.171,65";"R$982.171,65"
"Sul";"PR";"2024";"09";"AJUSTE FUNDEB/AJUSTE FUNDEB VAAR";"R$0,00";"R$0,00";"-R$22.394.710,59";"-R$22.394.710,59"
"Sul";"PR";"2025";"01";"AJUSTE FUNDEB/AJUSTE FUNDEB VAAR";"R$0,00";"R$0,00";"R$3.991.117,96";"R$3.991.117,96"
"Sul";"PR";"2025";"09";"AJUSTE FUNDEB/AJUSTE FUNDEB VAAR";"R$0,00";"R$0,00";"-R$314.995,53";"-R$314.995,53"
"Sul";"PR";"2020";"01";"AJUSTE FUNDEB/FPE";"R$44.976,29";"R$0,00";"R$0,00";"R$44.976,29"
"Sul";"PR";"2020";"09";"AJUSTE FUNDEB/FPE";"-R$16.538,83";"R$0,00";"R$0,00";"-R$16.538,83"
"Sul";"PR";"2020";"12";"AJUSTE FUNDEB/FPE";"R$0,00";"-R$8.100,50";"R$0,00";"-R$8.100,50"
"Sul";"PR";"2021";"05";"AJUSTE FUNDEB/FPE";"R$0,00";"R$0,00";"R$1.368.001,98";"R$1.368.001,98"
"Sul";"PR";"2022";"09";"AJUSTE FUNDEB/FPE";"R$0,00";"R$0,00";"R$14.736,64";"R$14.736,64"
"Sul";"PR";"2023";"09";"AJUSTE FUNDEB/FPE";"R$0,00";"R$0,00";"-R$199.701,31";"-R$199.701,31"
"Sul";"PR";"2024";"09";"AJUSTE FUNDEB/FPE";"R$0,00";"R$0,00";"-R$33.289,62";"-R$33.289,62"
"Sul";"PR";"2020";"01";"AJUSTE FUNDEB/FPM";"R$112.420,00";"R$0,00";"R$0,00";"R$112.420,00"
"Sul";"PR";"2020";"09";"AJUSTE FUNDEB/FPM";"-R$41.075,18";"R$0,00";"R$0,00";"-R$41.075,18"
"Sul";"PR";"2020";"12";"AJUSTE FUNDEB/FPM";"R$0,00";"-R$20.190,82";"R$0,00";"-R$20.190,82"
"Sul";"PR";"2021";"05";"AJUSTE FUNDEB/FPM";"R$0,00";"R$0,00";"R$3.415.120,00";"R$3.415.120,00"
"Sul";"PR";"2022";"09";"AJUSTE FUNDEB/FPM";"R$0,00";"R$0,00";"R$36.206,67";"R$36.206,67"
"Sul";"PR";"2023";"09";"AJUSTE FUNDEB/FPM";"R$0,00";"R$0,00";"-R$505.022,62";"-R$505.022,62"
"Sul";"PR";"2024";"09";"AJUSTE FUNDEB/FPM";"R$0,00";"R$0,00";"-R$84.779,89";"-R$84.779,89"
"Sul";"PR";"2020";"01";"AJUSTE FUNDEB/ICME";"R$510.801,65";"R$0,00";"R$0,00";"R$510.801,65"
"Sul";"PR";"2020";"09";"AJUSTE FUNDEB/ICME";"-R$171.409,70";"R$0,00";"R$0,00";"-R$171.409,70"
"Sul";"PR";"2020";"12";"AJUSTE FUNDEB/ICME";"R$0,00";"-R$97.596,55";"R$0,00";"-R$97.596,55"
"Sul";"PR";"2021";"05";"AJUSTE FUNDEB/ICME";"R$0,00";"R$0,00";"R$12.522.401,28";"R$12.522.401,28"
"Sul";"PR";"2022";"09";"AJUSTE FUNDEB/ICME";"R$0,00";"R$0,00";"R$138.357,07";"R$138.357,07"
"Sul";"PR";"2023";"09";"AJUSTE FUNDEB/ICME";"R$0,00";"R$0,00";"-R$1.810.727,38";"-R$1.810.727,38"
"Sul";"PR";"2024";"09";"AJUSTE FUNDEB/ICME";"R$0,00";"R$0,00";"-R$311.734,70";"-R$311.734,70"
"Sul";"PR";"2020";"01";"AJUSTE FUNDEB/IPIE";"R$8.101,87";"R$0,00";"R$0,00";"R$8.101,87"
"Sul";"PR";"2020";"09";"AJUSTE FUNDEB/IPIE";"-R$2.650,43";"R$0,00";"R$0,00";"-R$2.650,43"
"Sul";"PR";"2020";"12";"AJUSTE FUNDEB/IPIE";"R$0,00";"-R$1.533,62";"R$0,00";"-R$1.533,62"
"Sul";"PR";"2021";"05";"AJUSTE FUNDEB/IPIE";"R$0,00";"R$0,00";"R$191.895,19";"R$191.895,19"
"Sul";"PR";"2022";"09";"AJUSTE FUNDEB/IPIE";"R$0,00";"R$0,00";"R$1.558,25";"R$1.558,25"
"Sul";"PR";"2023";"09";"AJUSTE FUNDEB/IPIE";"R$0,00";"R$0,00";"-R$18.483,23";"-R$18.483,23"
"Sul";"PR";"2024";"09";"AJUSTE FUNDEB/IPIE";"R$0,00";"R$0,00";"-R$4.514,75";"-R$4.514,75"
"Sul";"PR";"2020";"01";"AJUSTE FUNDEB/IPVA";"R$61.518,50";"R$0,00";"R$0,00";"R$61.518,50"
"Sul";"PR";"2020";"09";"AJUSTE FUNDEB/IPVA";"-R$33.556,52";"R$0,00";"R$0,00";"-R$33.556,52"
"Sul";"PR";"2020";"12";"AJUSTE FUNDEB/IPVA";"R$0,00";"-R$13.327,43";"R$0,00";"-R$13.327,43"
"Sul";"PR";"2021";"05";"AJUSTE FUNDEB/IPVA";"R$0,00";"R$0,00";"R$4.409.398,16";"R$4.409.398,16"
"Sul";"PR";"2022";"09";"AJUSTE FUNDEB/IPVA";"R$0,00";"R$0,00";"R$23.752,91";"R$23.752,91"
"Sul";"PR";"2023";"09";"AJUSTE FUNDEB/IPVA";"R$0,00";"R$0,00";"-R$377.931,12";"-R$377.931,12"
"Sul";"PR";"2024";"09";"AJUSTE FUNDEB/IPVA";"R$0,00";"R$0,00";"-R$57.813,15";"-R$57.813,15"
"Sul";"PR";"2020";"01";"AJUSTE FUNDEB/ITCMD";"R$8.613,48";"R$0,00";"R$0,00";"R$8.613,48"
"Sul";"PR";"2020";"09";"AJUSTE FUNDEB/ITCMD";"-R$3.207,85";"R$0,00";"R$0,00";"-R$3.207,85"
"Sul";"PR";"2020";"12";"AJUSTE FUNDEB/ITCMD";"R$0,00";"-R$2.054,13";"R$0,00";"-R$2.054,13"
"Sul";"PR";"2021";"05";"AJUSTE FUNDEB/ITCMD";"R$0,00";"R$0,00";"R$219.678,42";"R$219.678,42"
"Sul";"PR";"2022";"09";"AJUSTE FUNDEB/ITCMD";"R$0,00";"R$0,00";"R$3.218,88";"R$3.218,88"
"Sul";"PR";"2023";"09";"AJUSTE FUNDEB/ITCMD";"R$0,00";"R$0,00";"-R$48.051,35";"-R$48.051,35"
"Sul";"PR";"2024";"09";"AJUSTE FUNDEB/ITCMD";"R$0,00";"R$0,00";"-R$7.647,21";"-R$7.647,21"
"Sul";"PR";"2020";"01";"AJUSTE FUNDEB/ITR";"R$2.048,36";"R$0,00";"R$0,00";"R$2.048,36"
"Sul";"PR";"2020";"09";"AJUSTE FUNDEB/ITR";"-R$64,08";"R$0,00";"R$0,00";"-R$64,08"
"Sul";"PR";"2020";"12";"AJUSTE FUNDEB/ITR";"R$0,00";"-R$471,53";"R$0,00";"-R$471,53"
"Sul";"PR";"2021";"05";"AJUSTE FUNDEB/ITR";"R$0,00";"R$0,00";"R$10.531,09";"R$10.531,09"
"Sul";"PR";"2022";"09";"AJUSTE FUNDEB/ITR";"R$0,00";"R$0,00";"R$123,59";"R$123,59"
"Sul";"PR";"2023";"08";"AJUSTE FUNDEB/ITR";"-R$1.338,96";"R$0,00";"R$0,00";"-R$1.338,96"
"Sul";"PR";"2023";"09";"AJUSTE FUNDEB/ITR";"R$0,00";"R$0,00";"-R$3.087,62";"-R$3.087,62"
"Sul";"PR";"2024";"09";"AJUSTE FUNDEB/ITR";"R$0,00";"R$0,00";"-R$360,86";"-R$360,86"
"Sul";"RS";"2024";"04";"AJUSTE FUNDEB/AJUSTE FUNDEB VAAR";"R$0,00";"R$0,00";"R$753.224,83";"R$753.224,83"
"Sul";"RS";"2024";"09";"AJUSTE FUNDEB/AJUSTE FUNDEB VAAR";"R$0,00";"R$0,00";"-R$18.119.658,88";"-R$18.119.658,88"
"Sul";"RS";"2025";"01";"AJUSTE FUNDEB/AJUSTE FUNDEB VAAR";"R$0,00";"R$0,00";"-R$513.539,27";"-R$513.539,27"
"Sul";"RS";"2021";"05";"AJUSTE FUNDEB/FPE";"R$0,00";"R$0,00";"-R$1.248.022,58";"-R$1.248.022,58"
"Sul";"RS";"2022";"09";"AJUSTE FUNDEB/FPE";"R$0,00";"R$0,00";"-R$7.478,16";"-R$7.478,16"
"Sul";"RS";"2023";"09";"AJUSTE FUNDEB/FPE";"R$0,00";"R$0,00";"-R$488.449,47";"-R$488.449,47"
"Sul";"RS";"2021";"05";"AJUSTE FUNDEB/FPM";"R$0,00";"R$0,00";"-R$3.956.811,45";"-R$3.956.811,45"
"Sul";"RS";"2022";"09";"AJUSTE FUNDEB/FPM";"R$0,00";"R$0,00";"-R$25.097,78";"-R$25.097,78"
"Sul";"RS";"2023";"09";"AJUSTE FUNDEB/FPM";"R$0,00";"R$0,00";"-R$1.709.009,16";"-R$1.709.009,16"
"Sul";"RS";"2021";"05";"AJUSTE FUNDEB/ICME";"R$0,00";"R$0,00";"-R$18.427.399,24";"-R$18.427.399,24"
"Sul";"RS";"2022";"09";"AJUSTE FUNDEB/ICME";"R$0,00";"R$0,00";"-R$98.801,78";"-R$98.801,78"
"Sul";"RS";"2023";"09";"AJUSTE FUNDEB/ICME";"R$0,00";"R$0,00";"-R$6.412.834,84";"-R$6.412.834,84"
"Sul";"RS";"2021";"05";"AJUSTE FUNDEB/IPIE";"R$0,00";"R$0,00";"-R$225.348,18";"-R$225.348,18"
"Sul";"RS";"2022";"09";"AJUSTE FUNDEB/IPIE";"R$0,00";"R$0,00";"-R$968,14";"-R$968,14"
"Sul";"RS";"2023";"09";"AJUSTE FUNDEB/IPIE";"R$0,00";"R$0,00";"-R$59.985,32";"-R$59.985,32"
"Sul";"RS";"2021";"05";"AJUSTE FUNDEB/IPVA";"R$0,00";"R$0,00";"-R$2.012.436,46";"-R$2.012.436,46"
"Sul";"RS";"2022";"09";"AJUSTE FUNDEB/IPVA";"R$0,00";"R$0,00";"-R$8.991,35";"-R$8.991,35"
"Sul";"RS";"2023";"09";"AJUSTE FUNDEB/IPVA";"R$0,00";"R$0,00";"-R$838.454,69";"-R$838.454,69"
"Sul";"RS";"2021";"05";"AJUSTE FUNDEB/ITCMD";"R$0,00";"R$0,00";"-R$306.857,03";"-R$306.857,03"
"Sul";"RS";"2022";"09";"AJUSTE FUNDEB/ITCMD";"R$0,00";"R$0,00";"-R$2.591,77";"-R$2.591,77"
"Sul";"RS";"2023";"09";"AJUSTE FUNDEB/ITCMD";"R$0,00";"R$0,00";"-R$176.347,21";"-R$176.347,21"
"Sul";"RS";"2021";"05";"AJUSTE FUNDEB/ITR";"R$0,00";"R$0,00";"-R$6.337,61";"-R$6.337,61"
"Sul";"RS";"2022";"09";"AJUSTE FUNDEB/ITR";"R$0,00";"R$0,00";"-R$49,35";"-R$49,35"
"Sul";"RS";"2023";"09";"AJUSTE FUNDEB/ITR";"R$0,00";"R$0,00";"-R$5.737,62";"-R$5.737,62"
"Sul";"SC";"2021";"05";"AJUSTE FUNDEB/FPE";"R$0,00";"R$0,00";"R$353.390,81";"R$353.390,81"
"Sul";"SC";"2022";"09";"AJUSTE FUNDEB/FPE";"R$0,00";"R$0,00";"R$86.745,25";"R$86.745,25"
"Sul";"SC";"2023";"09";"AJUSTE FUNDEB/FPE";"R$0,00";"R$0,00";"-R$9.949,64";"-R$9.949,64"
"Sul";"SC";"2024";"01";"AJUSTE FUNDEB/FPE";"R$0,00";"-R$5.354,77";"R$0,00";"-R$5.354,77"
"Sul";"SC";"2021";"05";"AJUSTE FUNDEB/FPM";"R$0,00";"R$0,00";"R$1.136.767,67";"R$1.136.767,67"
"Sul";"SC";"2022";"09";"AJUSTE FUNDEB/FPM";"R$0,00";"R$0,00";"R$264.052,32";"R$264.052,32"
"Sul";"SC";"2023";"09";"AJUSTE FUNDEB/FPM";"R$0,00";"R$0,00";"-R$33.171,19";"-R$33.171,19"
"Sul";"SC";"2024";"01";"AJUSTE FUNDEB/FPM";"R$0,00";"-R$16.748,84";"R$0,00";"-R$16.748,84"
"Sul";"SC";"2021";"05";"AJUSTE FUNDEB/ICME";"R$0,00";"R$0,00";"R$13.956.850,17";"R$13.956.850,17"
"Sul";"SC";"2022";"09";"AJUSTE FUNDEB/ICME";"R$0,00";"R$0,00";"R$1.483.781,50";"R$1.483.781,50"
"Sul";"SC";"2023";"09";"AJUSTE FUNDEB/ICME";"R$0,00";"R$0,00";"-R$179.490,23";"-R$179.490,23"
"Sul";"SC";"2024";"01";"AJUSTE FUNDEB/ICME";"R$0,00";"-R$83.638,47";"R$0,00";"-R$83.638,47"
"Sul";"SC";"2021";"05";"AJUSTE FUNDEB/IPIE";"R$0,00";"R$0,00";"R$79.054,32";"R$79.054,32"
"Sul";"SC";"2022";"09";"AJUSTE FUNDEB/IPIE";"R$0,00";"R$0,00";"R$14.151,63";"R$14.151,63"
"Sul";"SC";"2023";"09";"AJUSTE FUNDEB/IPIE";"R$0,00";"R$0,00";"-R$1.562,27";"-R$1.562,27"
"Sul";"SC";"2024";"01";"AJUSTE FUNDEB/IPIE";"R$0,00";"-R$1.190,21";"R$0,00";"-R$1.190,21"
"Sul";"SC";"2021";"05";"AJUSTE FUNDEB/IPVA";"R$0,00";"R$0,00";"R$1.180.779,07";"R$1.180.779,07"
"Sul";"SC";"2022";"09";"AJUSTE FUNDEB/IPVA";"R$0,00";"R$0,00";"R$143.882,81";"R$143.882,81"
"Sul";"SC";"2023";"09";"AJUSTE FUNDEB/IPVA";"R$0,00";"R$0,00";"-R$21.708,89";"-R$21.708,89"
"Sul";"SC";"2024";"01";"AJUSTE FUNDEB/IPVA";"R$0,00";"-R$6.999,25";"R$0,00";"-R$6.999,25"
"Sul";"SC";"2021";"05";"AJUSTE FUNDEB/ITCMD";"R$0,00";"R$0,00";"R$240.381,72";"R$240.381,72"
"Sul";"SC";"2022";"09";"AJUSTE FUNDEB/ITCMD";"R$0,00";"R$0,00";"R$29.046,29";"R$29.046,29"
"Sul";"SC";"2023";"09";"AJUSTE FUNDEB/ITCMD";"R$0,00";"R$0,00";"-R$4.609,01";"-R$4.609,01"
"Sul";"SC";"2024";"01";"AJUSTE FUNDEB/ITCMD";"R$0,00";"-R$1.265,70";"R$0,00";"-R$1.265,70"
"Sul";"SC";"2021";"05";"AJUSTE FUNDEB/ITR";"R$0,00";"R$0,00";"R$594,37";"R$594,37"
"Sul";"SC";"2022";"09";"AJUSTE FUNDEB/ITR";"R$0,00";"R$0,00";"R$466,07";"R$466,07"
"Sul";"SC";"2023";"09";"AJUSTE FUNDEB/ITR";"R$0,00";"R$0,00";"-R$53,41";"-R$53,41"
"Sul";"SC";"2024";"01";"AJUSTE FUNDEB/ITR";"R$0,00";"-R$77,02";"R$0,00";"-R$77,02"
